-- MySQL dump 10.13  Distrib 5.6.35-80.0, for Linux (x86_64)
--
-- Host: localhost    Database: aamitfr6_careerprism
-- ------------------------------------------------------
-- Server version	5.6.35-80.0-log

/*!40101 SET @OLD_CHARACTER_SET_CLIENT=@@CHARACTER_SET_CLIENT */;
/*!40101 SET @OLD_CHARACTER_SET_RESULTS=@@CHARACTER_SET_RESULTS */;
/*!40101 SET @OLD_COLLATION_CONNECTION=@@COLLATION_CONNECTION */;
/*!40101 SET NAMES utf8 */;
/*!40103 SET @OLD_TIME_ZONE=@@TIME_ZONE */;
/*!40103 SET TIME_ZONE='+00:00' */;
/*!40014 SET @OLD_UNIQUE_CHECKS=@@UNIQUE_CHECKS, UNIQUE_CHECKS=0 */;
/*!40014 SET @OLD_FOREIGN_KEY_CHECKS=@@FOREIGN_KEY_CHECKS, FOREIGN_KEY_CHECKS=0 */;
/*!40101 SET @OLD_SQL_MODE=@@SQL_MODE, SQL_MODE='NO_AUTO_VALUE_ON_ZERO' */;
/*!40111 SET @OLD_SQL_NOTES=@@SQL_NOTES, SQL_NOTES=0 */;

--
-- Table structure for table `captcha`
--

DROP TABLE IF EXISTS `captcha`;
/*!40101 SET @saved_cs_client     = @@character_set_client */;
/*!40101 SET character_set_client = utf8 */;
CREATE TABLE `captcha` (
  `captcha_id` bigint(13) unsigned NOT NULL AUTO_INCREMENT,
  `captcha_time` int(10) unsigned NOT NULL,
  `ip_address` varchar(45) CHARACTER SET latin1 NOT NULL,
  `word` varchar(20) CHARACTER SET latin1 NOT NULL,
  PRIMARY KEY (`captcha_id`),
  KEY `word` (`word`)
) ENGINE=InnoDB DEFAULT CHARSET=utf8;
/*!40101 SET character_set_client = @saved_cs_client */;

--
-- Dumping data for table `captcha`
--

LOCK TABLES `captcha` WRITE;
/*!40000 ALTER TABLE `captcha` DISABLE KEYS */;
/*!40000 ALTER TABLE `captcha` ENABLE KEYS */;
UNLOCK TABLES;

--
-- Table structure for table `counsellors`
--

DROP TABLE IF EXISTS `counsellors`;
/*!40101 SET @saved_cs_client     = @@character_set_client */;
/*!40101 SET character_set_client = utf8 */;
CREATE TABLE `counsellors` (
  `id` int(11) NOT NULL AUTO_INCREMENT,
  `first_name` varchar(200) NOT NULL,
  `last_name` varchar(200) NOT NULL,
  `phone` bigint(20) NOT NULL,
  `email` varchar(200) NOT NULL,
  `location` varchar(200) NOT NULL,
  `stream` int(11) NOT NULL,
  `profession` int(11) NOT NULL,
  `password` varchar(200) NOT NULL,
  `created_on` varchar(200) NOT NULL,
  `updated_on` datetime NOT NULL,
  `status` int(11) NOT NULL,
  PRIMARY KEY (`id`)
) ENGINE=InnoDB AUTO_INCREMENT=5 DEFAULT CHARSET=latin1;
/*!40101 SET character_set_client = @saved_cs_client */;

--
-- Dumping data for table `counsellors`
--

LOCK TABLES `counsellors` WRITE;
/*!40000 ALTER TABLE `counsellors` DISABLE KEYS */;
INSERT INTO `counsellors` (`id`, `first_name`, `last_name`, `phone`, `email`, `location`, `stream`, `profession`, `password`, `created_on`, `updated_on`, `status`) VALUES (1,'chaitanya','k',9493745352,'satya@manathota.com','kakinada',0,0,'12345678','2017-07-07 16:42:34','0000-00-00 00:00:00',1),(2,'chaitanya','k',9493745352,'chaitanya@manathota.com','kakinada',0,0,'12345678','2017-07-07 17:19:39','0000-00-00 00:00:00',1),(3,'aaaaaaaaa','ssss',9493929292,'cxzcz@gmail.com','saS',0,0,'12345678','2017-07-12 14:54:56','0000-00-00 00:00:00',1),(4,'satya','narayana',7893920777,'satya@chaithanyam.org','kakinada',0,0,'raghavi','2017-09-05 22:40:44','0000-00-00 00:00:00',1);
/*!40000 ALTER TABLE `counsellors` ENABLE KEYS */;
UNLOCK TABLES;

--
-- Table structure for table `groups`
--

DROP TABLE IF EXISTS `groups`;
/*!40101 SET @saved_cs_client     = @@character_set_client */;
/*!40101 SET character_set_client = utf8 */;
CREATE TABLE `groups` (
  `id` mediumint(8) unsigned NOT NULL AUTO_INCREMENT,
  `name` varchar(20) NOT NULL,
  `description` varchar(100) NOT NULL,
  PRIMARY KEY (`id`)
) ENGINE=InnoDB AUTO_INCREMENT=3 DEFAULT CHARSET=utf8;
/*!40101 SET character_set_client = @saved_cs_client */;

--
-- Dumping data for table `groups`
--

LOCK TABLES `groups` WRITE;
/*!40000 ALTER TABLE `groups` DISABLE KEYS */;
INSERT INTO `groups` (`id`, `name`, `description`) VALUES (1,'admin','Administrator'),(2,'members','General User');
/*!40000 ALTER TABLE `groups` ENABLE KEYS */;
UNLOCK TABLES;

--
-- Table structure for table `login_attempts`
--

DROP TABLE IF EXISTS `login_attempts`;
/*!40101 SET @saved_cs_client     = @@character_set_client */;
/*!40101 SET character_set_client = utf8 */;
CREATE TABLE `login_attempts` (
  `id` int(11) unsigned NOT NULL AUTO_INCREMENT,
  `ip_address` varchar(15) NOT NULL,
  `login` varchar(100) NOT NULL,
  `time` int(11) unsigned DEFAULT NULL,
  PRIMARY KEY (`id`)
) ENGINE=InnoDB AUTO_INCREMENT=2 DEFAULT CHARSET=utf8;
/*!40101 SET character_set_client = @saved_cs_client */;

--
-- Dumping data for table `login_attempts`
--

LOCK TABLES `login_attempts` WRITE;
/*!40000 ALTER TABLE `login_attempts` DISABLE KEYS */;
INSERT INTO `login_attempts` (`id`, `ip_address`, `login`, `time`) VALUES (1,'103.12.116.243','satya@maanthota.com',1514368429);
/*!40000 ALTER TABLE `login_attempts` ENABLE KEYS */;
UNLOCK TABLES;

--
-- Table structure for table `student_aptitude_log`
--

DROP TABLE IF EXISTS `student_aptitude_log`;
/*!40101 SET @saved_cs_client     = @@character_set_client */;
/*!40101 SET character_set_client = utf8 */;
CREATE TABLE `student_aptitude_log` (
  `id` int(11) NOT NULL AUTO_INCREMENT,
  `uid` int(11) unsigned NOT NULL,
  `answ_blob` text CHARACTER SET latin1 NOT NULL,
  `result` text CHARACTER SET latin1 NOT NULL,
  `added_on` datetime NOT NULL,
  PRIMARY KEY (`id`),
  KEY `uid` (`uid`),
  CONSTRAINT `student_aptitude_log_ibfk_1` FOREIGN KEY (`uid`) REFERENCES `users` (`id`) ON DELETE CASCADE
) ENGINE=InnoDB AUTO_INCREMENT=30 DEFAULT CHARSET=utf8;
/*!40101 SET character_set_client = @saved_cs_client */;

--
-- Dumping data for table `student_aptitude_log`
--

LOCK TABLES `student_aptitude_log` WRITE;
/*!40000 ALTER TABLE `student_aptitude_log` DISABLE KEYS */;
INSERT INTO `student_aptitude_log` (`id`, `uid`, `answ_blob`, `result`, `added_on`) VALUES (1,2195,'{\"anw_129\":\"d\",\"anw_130\":\"c\",\"anw_131\":\"c\",\"anw_132\":\"a\",\"anw_133\":\"c\",\"anw_134\":\"d\",\"anw_135\":\"c\",\"anw_136\":\"d\",\"anw_137\":\"c\",\"anw_138\":\"c\",\"anw_139\":\"b\",\"anw_140\":\"d\",\"anw_141\":\"d\",\"anw_142\":\"c\",\"anw_143\":\"d\",\"anw_144\":\"b\",\"anw_145\":\"d\",\"anw_146\":\"a\",\"anw_147\":\"e\",\"anw_148\":\"d\",\"anw_149\":\"d\",\"anw_150\":\"e\",\"anw_151\":\"c\",\"anw_152\":\"d\",\"anw_153\":\"c\",\"anw_154\":\"d\",\"anw_155\":\"c\",\"anw_156\":\"d\",\"anw_157\":\"d\",\"anw_158\":\"c\",\"anw_159\":\"c\",\"anw_160\":\"d\",\"anw_161\":\"c\",\"anw_162\":\"c\",\"anw_163\":\"d\",\"anw_164\":\"c\",\"anw_165\":\"d\",\"anw_166\":\"d\",\"anw_167\":\"d\",\"anw_168\":\"d\",\"anw_169\":\"d\",\"anw_170\":\"c\"}','{\"engineering\":[\"civils\",\"mechanical\",\"software\",\"NA\"],\"neutral\":[\"NA\",\"NA\",\"NA\",\"NA\",\"NA\",\"NA\",\"NA\",\"NA\",\"NA\",\"NA\",\"NA\",\"NA\",\"NA\",\"NA\",\"NA\"],\"arts\":[\"NA\",\"NA\",\"chef\",\"NA\",\"police\",\"civils\",\"social\"],\"entrepreneur\":[\"NA\",\"NA\",\"NA\",\"NA\",\"NA\"],\"science\":[\"medical\",\"mathematician\",\"pharmacy\",\"NA\",\"doctor\"],\"management\":[\"NA\",\"NA\",\"NA\",\"NA\",\"NA\",\"NA\"]}','2017-02-25 16:27:18'),(2,2199,'{\"anw_129\":\"c\",\"anw_130\":\"c\",\"anw_131\":\"e\",\"anw_132\":\"c\",\"anw_133\":\"d\",\"anw_134\":\"c\",\"anw_135\":\"b\",\"anw_136\":\"e\",\"anw_137\":\"d\",\"anw_138\":\"c\",\"anw_139\":\"e\",\"anw_140\":\"b\",\"anw_141\":\"c\",\"anw_142\":\"e\",\"anw_143\":\"d\",\"anw_144\":\"c\",\"anw_145\":\"d\",\"anw_146\":\"d\",\"anw_147\":\"c\",\"anw_148\":\"e\",\"anw_149\":\"d\",\"anw_150\":\"e\",\"anw_151\":\"d\",\"anw_152\":\"e\",\"anw_153\":\"e\",\"anw_154\":\"e\",\"anw_155\":\"e\",\"anw_156\":\"d\",\"anw_157\":\"e\",\"anw_158\":\"d\",\"anw_159\":\"e\",\"anw_160\":\"e\",\"anw_161\":\"d\",\"anw_162\":\"e\",\"anw_163\":\"d\",\"anw_164\":\"c\",\"anw_165\":\"d\",\"anw_166\":\"e\",\"anw_167\":\"c\",\"anw_168\":\"e\",\"anw_169\":\"e\",\"anw_170\":\"e\"}','{\"neutral\":[\"NA\",\"NA\",\"NA\",\"NA\",\"NA\",\"NA\",\"NA\",\"NA\",\"NA\",\"NA\"],\"arts\":[\"sociology\",\"politics\",\"NA\",\"police\",\"NA\",\"chef\",\"civils\",\"civils\",\"civils\"],\"entrepreneur\":[\"NA\",\"NA\",\"NA\",\"NA\",\"NA\"],\"engineering\":[\"NA\",\"software\",\"architecture\",\"software\",\"NA\",\"software\"],\"science\":[\"mathematician\",\"NA\",\"mathematician\",\"doctor\"],\"defence\":[\"NA\",\"NA\"],\"management\":[\"NA\",\"NA\",\"NA\",\"NA\",\"NA\",\"NA\"]}','2017-02-26 09:05:00'),(3,1196,'{\"anw_129\":\"c\",\"anw_130\":\"d\",\"anw_131\":\"b\",\"anw_132\":\"e\",\"anw_133\":\"c\",\"anw_134\":\"d\",\"anw_135\":\"d\",\"anw_136\":\"d\",\"anw_137\":\"c\",\"anw_138\":\"e\",\"anw_139\":\"d\",\"anw_140\":\"c\",\"anw_141\":\"c\",\"anw_142\":\"d\",\"anw_143\":\"c\",\"anw_144\":\"b\",\"anw_145\":\"b\",\"anw_146\":\"d\",\"anw_147\":\"d\",\"anw_148\":\"d\",\"anw_149\":\"d\",\"anw_150\":\"c\",\"anw_151\":\"d\",\"anw_152\":\"c\",\"anw_153\":\"b\",\"anw_154\":\"d\",\"anw_155\":\"d\",\"anw_156\":\"d\",\"anw_157\":\"d\",\"anw_158\":\"c\",\"anw_159\":\"b\",\"anw_160\":\"d\",\"anw_161\":\"e\",\"anw_162\":\"b\",\"anw_163\":\"d\",\"anw_164\":\"b\",\"anw_165\":\"d\",\"anw_166\":\"d\",\"anw_167\":\"d\",\"anw_168\":\"c\",\"anw_169\":\"d\",\"anw_170\":\"d\"}','{\"neutral\":[\"NA\",\"NA\",\"NA\",\"NA\",\"NA\",\"NA\",\"NA\",\"NA\",\"NA\",\"NA\"],\"engineering\":[\"NA\",\"software\",\"civils\",\"mechanical\",\"architecture\",\"electrical & electronics\",\"architecture\",\"NA\",\"NA\"],\"entrepreneur\":[\"NA\",\"NA\",\"NA\"],\"science\":[\"NA\",\"pharmacy\",\"NA\",\"NA\",\"NA\",\"doctor\"],\"arts\":[\"NA\",\"NA\",\"police\",\"sociology\",\"social\",\"police\"],\"defence\":[\"NA\",\"NA\"],\"management\":[\"NA\",\"NA\",\"NA\",\"NA\",\"NA\",\"NA\"]}','2017-02-26 10:55:13'),(4,2217,'{\"anw_129\":\"d\",\"anw_130\":\"b\",\"anw_131\":\"d\",\"anw_132\":\"b\",\"anw_133\":\"c\",\"anw_134\":\"d\",\"anw_135\":\"d\",\"anw_136\":\"d\",\"anw_137\":\"c\",\"anw_138\":\"d\",\"anw_139\":\"a\",\"anw_140\":\"c\",\"anw_141\":\"c\",\"anw_142\":\"c\",\"anw_143\":\"b\",\"anw_144\":\"d\",\"anw_145\":\"a\",\"anw_146\":\"a\",\"anw_147\":\"b\",\"anw_148\":\"c\",\"anw_149\":\"d\",\"anw_150\":\"d\",\"anw_151\":\"c\",\"anw_152\":\"d\",\"anw_153\":\"d\",\"anw_154\":\"e\",\"anw_155\":\"c\",\"anw_156\":\"d\",\"anw_157\":\"d\",\"anw_158\":\"a\",\"anw_159\":\"d\",\"anw_160\":\"c\",\"anw_161\":\"d\",\"anw_162\":\"c\",\"anw_163\":\"e\",\"anw_164\":\"e\",\"anw_165\":\"e\",\"anw_166\":\"e\",\"anw_167\":\"e\",\"anw_168\":\"e\",\"anw_169\":\"e\",\"anw_170\":\"e\"}','{\"engineering\":[\"civils\",\"mechanical\",\"NA\",\"software\"],\"arts\":[\"NA\",\"NA\",\"NA\",\"police\",\"NA\",\"police\",\"civils\",\"NA\",\"sociology\"],\"management\":[\"NA\",\"NA\",\"NA\",\"NA\",\"NA\"],\"neutral\":[\"NA\",\"NA\",\"NA\",\"NA\",\"NA\",\"NA\",\"NA\",\"NA\",\"NA\",\"NA\"],\"entrepreneur\":[\"NA\",\"NA\",\"NA\",\"NA\",\"NA\",\"NA\"],\"science\":[\"NA\",\"NA\",\"zoology\",\"NA\",\"mathematician\",\"cycology\",\"mathematician\"],\"defence\":[\"NA\"]}','2017-02-28 10:22:50'),(5,2192,'{\"anw_129\":\"c\",\"anw_130\":\"c\",\"anw_131\":\"e\",\"anw_132\":\"e\",\"anw_133\":\"b\",\"anw_134\":\"e\",\"anw_135\":\"e\",\"anw_136\":\"c\",\"anw_137\":\"d\",\"anw_138\":\"d\",\"anw_139\":\"a\",\"anw_140\":\"c\",\"anw_141\":\"d\",\"anw_142\":\"e\",\"anw_143\":\"b\",\"anw_144\":\"a\",\"anw_145\":\"c\",\"anw_146\":\"b\",\"anw_147\":\"a\",\"anw_148\":\"c\",\"anw_149\":\"d\",\"anw_150\":\"e\",\"anw_151\":\"a\",\"anw_152\":\"b\",\"anw_153\":\"c\",\"anw_154\":\"d\",\"anw_155\":\"e\",\"anw_156\":\"b\",\"anw_157\":\"b\",\"anw_158\":\"c\",\"anw_159\":\"d\",\"anw_160\":\"e\",\"anw_161\":\"b\",\"anw_162\":\"c\",\"anw_163\":\"d\",\"anw_164\":\"e\",\"anw_165\":\"c\",\"anw_166\":\"b\",\"anw_167\":\"b\",\"anw_168\":\"e\",\"anw_169\":\"e\",\"anw_170\":\"a\"}','{\"neutral\":[\"NA\",\"NA\",\"NA\",\"NA\",\"NA\",\"NA\",\"NA\",\"NA\",\"NA\",\"NA\"],\"arts\":[\"sociology\",\"politics\",\"police\",\"police\",\"civils\",\"NA\",\"social\",\"civils\",\"social\",\"sociology\",\"police\"],\"engineering\":[\"civils\",\"mechanical\",\"NA\",\"software\",\"NA\",\"NA\",\"NA\",\"software\"],\"management\":[\"NA\",\"NA\",\"NA\",\"NA\"],\"science\":[\"mathematician\",\"NA\",\"NA\",\"NA\",\"NA\",\"doctor\",\"mathematician\"],\"defence\":[\"NA\"],\"entrepreneur\":[\"NA\",\"NA\"]}','2017-03-15 15:04:53'),(6,2222,'{\"anw_129\":\"d\",\"anw_130\":\"e\",\"anw_131\":\"d\",\"anw_132\":\"e\",\"anw_133\":\"e\",\"anw_134\":\"d\",\"anw_135\":\"d\",\"anw_136\":\"e\",\"anw_137\":\"d\",\"anw_138\":\"e\",\"anw_139\":\"e\",\"anw_140\":\"d\",\"anw_141\":\"d\",\"anw_142\":\"e\",\"anw_143\":\"e\",\"anw_144\":\"d\",\"anw_145\":\"e\",\"anw_146\":\"d\",\"anw_147\":\"c\",\"anw_148\":\"e\",\"anw_149\":\"d\",\"anw_150\":\"d\",\"anw_151\":\"e\",\"anw_152\":\"d\",\"anw_153\":\"d\",\"anw_154\":\"d\",\"anw_155\":\"d\",\"anw_156\":\"d\",\"anw_157\":\"c\",\"anw_158\":\"d\",\"anw_159\":\"c\",\"anw_160\":\"c\",\"anw_161\":\"e\",\"anw_162\":\"d\",\"anw_163\":\"d\",\"anw_164\":\"c\",\"anw_165\":\"d\",\"anw_166\":\"d\",\"anw_167\":\"e\",\"anw_168\":\"d\",\"anw_169\":\"e\",\"anw_170\":\"d\"}','{\"engineering\":[\"civils\",\"mechanical\",\"civils\",\"mechanical\",\"software\",\"NA\",\"architecture\",\"NA\"],\"management\":[\"NA\",\"NA\",\"NA\",\"NA\",\"hotel\",\"NA\",\"NA\",\"NA\",\"NA\",\"NA\"],\"entrepreneur\":[\"NA\",\"NA\",\"NA\",\"NA\",\"NA\",\"NA\",\"NA\"],\"science\":[\"NA\",\"zoology\",\"NA\",\"NA\",\"doctor\"],\"arts\":[\"police\",\"NA\",\"civils\",\"social\"],\"defence\":[\"NA\",\"NA\",\"NA\",\"NA\"],\"neutral\":[\"NA\",\"NA\",\"NA\",\"NA\",\"NA\"]}','2017-03-19 08:47:10'),(7,2224,'{\"anw_129\":\"c\",\"anw_130\":\"c\",\"anw_131\":\"c\",\"anw_132\":\"c\",\"anw_133\":\"c\",\"anw_134\":\"c\",\"anw_135\":\"c\",\"anw_136\":\"b\",\"anw_137\":\"b\",\"anw_138\":\"d\",\"anw_139\":\"b\",\"anw_140\":\"c\",\"anw_141\":\"b\",\"anw_142\":\"c\",\"anw_143\":\"c\",\"anw_144\":\"d\",\"anw_145\":\"b\",\"anw_146\":\"b\",\"anw_147\":\"c\",\"anw_148\":\"c\",\"anw_149\":\"c\",\"anw_150\":\"c\",\"anw_151\":\"b\",\"anw_152\":\"c\",\"anw_153\":\"c\",\"anw_154\":\"d\",\"anw_155\":\"c\",\"anw_156\":\"c\",\"anw_157\":\"d\",\"anw_158\":\"c\",\"anw_159\":\"c\",\"anw_160\":\"c\",\"anw_161\":\"c\",\"anw_162\":\"c\",\"anw_163\":\"c\",\"anw_164\":\"c\",\"anw_165\":\"c\",\"anw_166\":\"d\",\"anw_167\":\"c\",\"anw_168\":\"c\",\"anw_169\":\"d\",\"anw_170\":\"c\"}','{\"neutral\":[\"NA\",\"NA\",\"NA\",\"NA\",\"NA\",\"NA\",\"NA\",\"NA\",\"NA\",\"NA\",\"NA\",\"NA\",\"NA\",\"NA\",\"NA\",\"NA\",\"NA\",\"NA\",\"NA\",\"NA\",\"NA\",\"NA\",\"NA\",\"NA\",\"NA\",\"NA\",\"NA\",\"NA\"],\"science\":[\"NA\",\"medical\",\"zoology\",\"NA\",\"NA\"],\"engineering\":[\"software\"],\"arts\":[\"police\",\"NA\",\"NA\",\"social\"],\"management\":[\"NA\",\"NA\"],\"entrepreneur\":[\"NA\"]}','2017-03-20 15:02:20'),(8,2225,'{\"anw_129\":\"c\",\"anw_130\":\"d\",\"anw_131\":\"d\",\"anw_132\":\"c\",\"anw_133\":\"e\",\"anw_134\":\"d\",\"anw_135\":\"d\",\"anw_136\":\"d\",\"anw_137\":\"d\",\"anw_138\":\"d\",\"anw_139\":\"a\",\"anw_140\":\"d\",\"anw_141\":\"d\",\"anw_142\":\"d\",\"anw_143\":\"c\",\"anw_144\":\"c\",\"anw_145\":\"d\",\"anw_146\":\"e\",\"anw_147\":\"c\",\"anw_148\":\"d\",\"anw_149\":\"c\",\"anw_150\":\"e\",\"anw_151\":\"e\",\"anw_152\":\"e\",\"anw_153\":\"d\",\"anw_154\":\"e\",\"anw_155\":\"d\",\"anw_156\":\"d\",\"anw_157\":\"c\",\"anw_158\":\"d\",\"anw_159\":\"d\",\"anw_160\":\"e\",\"anw_161\":\"c\",\"anw_162\":\"d\",\"anw_163\":\"d\",\"anw_164\":\"d\",\"anw_165\":\"d\",\"anw_166\":\"d\",\"anw_167\":\"d\",\"anw_168\":\"d\",\"anw_169\":\"d\",\"anw_170\":\"e\"}','{\"neutral\":[\"NA\",\"NA\",\"NA\",\"NA\",\"NA\",\"NA\",\"NA\",\"NA\"],\"engineering\":[\"NA\",\"electrical & electronics\",\"civils\",\"software\",\"software\",\"NA\"],\"management\":[\"NA\",\"NA\",\"NA\",\"NA\",\"NA\",\"NA\",\"NA\",\"NA\",\"NA\",\"NA\",\"NA\"],\"entrepreneur\":[\"NA\",\"NA\",\"NA\",\"NA\",\"NA\",\"NA\"],\"science\":[\"NA\",\"doctor\"],\"arts\":[\"NA\",\"police\",\"police\",\"chef\",\"police\",\"civils\",\"civils\"],\"defence\":[\"NA\"]}','2017-03-21 07:32:06'),(9,2228,'{\"anw_129\":\"d\",\"anw_130\":\"c\",\"anw_131\":\"c\",\"anw_132\":\"a\",\"anw_133\":\"d\",\"anw_134\":\"d\",\"anw_135\":\"d\",\"anw_136\":\"d\",\"anw_137\":\"b\",\"anw_138\":\"c\",\"anw_139\":\"b\",\"anw_140\":\"c\",\"anw_141\":\"c\",\"anw_142\":\"a\",\"anw_143\":\"a\",\"anw_144\":\"b\",\"anw_145\":\"a\",\"anw_146\":\"b\",\"anw_147\":\"d\",\"anw_148\":\"d\",\"anw_149\":\"c\",\"anw_150\":\"e\",\"anw_151\":\"d\",\"anw_152\":\"d\",\"anw_153\":\"d\",\"anw_154\":\"d\",\"anw_155\":\"d\",\"anw_156\":\"c\",\"anw_157\":\"d\",\"anw_158\":\"d\",\"anw_159\":\"c\",\"anw_160\":\"d\",\"anw_161\":\"e\",\"anw_162\":\"d\",\"anw_163\":\"e\",\"anw_164\":\"d\",\"anw_165\":\"e\",\"anw_166\":\"c\",\"anw_167\":\"e\",\"anw_168\":\"d\",\"anw_169\":\"e\",\"anw_170\":\"d\"}','{\"engineering\":[\"civils\",\"mechanical\",\"software\",\"NA\",\"software\"],\"Conventional\":[\"NA\",\"NA\",\"NA\",\"NA\",\"NA\",\"NA\",\"NA\",\"NA\",\"NA\"],\"Artistic\":[\"NA\",\"NA\",\"NA\",\"NA\",\"NA\",\"police\",\"civils\",\"civils\",\"social\"],\"Enterprising\":[\"NA\",\"NA\",\"NA\",\"NA\"],\"science\":[\"NA\",\"medical\",\"pharmacy\",\"NA\",\"NA\",\"cycology\",\"mathematician\"],\"management\":[\"NA\",\"NA\",\"NA\",\"NA\",\"NA\",\"NA\",\"NA\"],\"investigative\":[\"NA\"]}','2017-03-28 19:32:35'),(10,2229,'{\"anw_129\":\"c\",\"anw_130\":\"d\",\"anw_131\":\"d\",\"anw_132\":\"a\",\"anw_133\":\"c\",\"anw_134\":\"d\",\"anw_135\":\"d\",\"anw_136\":\"d\",\"anw_137\":\"d\",\"anw_138\":\"d\",\"anw_139\":\"c\",\"anw_140\":\"a\",\"anw_141\":\"d\",\"anw_142\":\"b\",\"anw_143\":\"c\",\"anw_144\":\"d\",\"anw_145\":\"b\",\"anw_146\":\"a\",\"anw_147\":\"d\",\"anw_148\":\"c\",\"anw_149\":\"d\",\"anw_150\":\"e\",\"anw_151\":\"d\",\"anw_152\":\"d\",\"anw_153\":\"d\",\"anw_154\":\"d\",\"anw_155\":\"c\",\"anw_156\":\"b\",\"anw_157\":\"d\",\"anw_158\":\"d\",\"anw_159\":\"d\",\"anw_160\":\"d\",\"anw_161\":\"d\",\"anw_162\":\"d\",\"anw_163\":\"e\",\"anw_164\":\"c\",\"anw_165\":\"c\",\"anw_166\":\"d\",\"anw_167\":\"c\",\"anw_168\":\"c\",\"anw_169\":\"c\",\"anw_170\":\"d\"}','{\"Conventional\":[\"NA\",\"NA\",\"NA\",\"NA\",\"NA\",\"NA\",\"NA\",\"NA\",\"NA\",\"NA\",\"NA\"],\"engineering\":[\"NA\",\"NA\"],\"management\":[\"NA\",\"NA\",\"NA\",\"NA\",\"NA\",\"NA\",\"NA\",\"NA\"],\"Artistic\":[\"NA\",\"NA\",\"police\",\"police\",\"NA\",\"NA\",\"civils\",\"civils\",\"social\"],\"Enterprising\":[\"NA\",\"NA\",\"NA\"],\"science\":[\"NA\",\"NA\",\"NA\",\"zoology\",\"NA\",\"NA\",\"mathematician\",\"cycology\"]}','2017-03-30 19:36:25'),(11,2230,'{\"anw_129\":\"b\",\"anw_130\":\"d\",\"anw_131\":\"a\",\"anw_132\":\"c\",\"anw_133\":\"c\",\"anw_134\":\"c\",\"anw_135\":\"c\",\"anw_136\":\"d\",\"anw_137\":\"b\",\"anw_138\":\"c\",\"anw_139\":\"c\",\"anw_140\":\"a\",\"anw_141\":\"c\",\"anw_142\":\"b\",\"anw_143\":\"b\",\"anw_144\":\"c\",\"anw_145\":\"d\",\"anw_146\":\"c\",\"anw_147\":\"e\",\"anw_148\":\"e\",\"anw_149\":\"d\",\"anw_150\":\"e\",\"anw_151\":\"c\",\"anw_152\":\"c\",\"anw_153\":\"a\",\"anw_154\":\"e\",\"anw_155\":\"c\",\"anw_156\":\"c\",\"anw_157\":\"b\",\"anw_158\":\"b\",\"anw_159\":\"b\",\"anw_160\":\"c\",\"anw_161\":\"c\",\"anw_162\":\"c\",\"anw_163\":\"d\",\"anw_164\":\"b\",\"anw_165\":\"a\",\"anw_166\":\"c\",\"anw_167\":\"c\",\"anw_168\":\"e\",\"anw_169\":\"c\",\"anw_170\":\"e\"}','{\"Artistic\":[\"sociology\",\"Economics\",\"History\",\"NA\",\"NA\",\"chef\",\"civils\",\"teacher\"],\"engineering\":[\"NA\",\"software\",\"software\",\"NA\",\"NA\",\"NA\"],\"Conventional\":[\"NA\",\"NA\",\"NA\",\"NA\",\"NA\",\"NA\",\"NA\",\"NA\",\"NA\",\"NA\",\"NA\",\"NA\",\"NA\",\"NA\",\"NA\",\"NA\",\"NA\",\"NA\",\"NA\"],\"science\":[\"NA\",\"NA\",\"NA\",\"NA\",\"doctor\",\"mathematician\"],\"investigative\":[\"NA\"],\"management\":[\"NA\",\"NA\"],\"Enterprising\":[\"NA\"]}','2017-04-03 15:09:27'),(12,2231,'{\"anw_129\":\"b\",\"anw_130\":\"e\",\"anw_131\":\"c\",\"anw_132\":\"c\",\"anw_133\":\"d\",\"anw_134\":\"c\",\"anw_135\":\"d\",\"anw_136\":\"d\",\"anw_137\":\"c\",\"anw_138\":\"c\",\"anw_139\":\"b\",\"anw_140\":\"c\",\"anw_141\":\"a\",\"anw_142\":\"b\",\"anw_143\":\"d\",\"anw_144\":\"c\",\"anw_145\":\"a\",\"anw_146\":\"c\",\"anw_147\":\"e\",\"anw_148\":\"e\",\"anw_149\":\"e\",\"anw_150\":\"e\",\"anw_151\":\"e\",\"anw_152\":\"d\",\"anw_153\":\"e\",\"anw_154\":\"e\",\"anw_155\":\"e\",\"anw_156\":\"e\",\"anw_157\":\"e\",\"anw_158\":\"e\",\"anw_159\":\"c\",\"anw_160\":\"e\",\"anw_161\":\"d\",\"anw_162\":\"e\",\"anw_163\":\"e\",\"anw_164\":\"c\",\"anw_165\":\"c\",\"anw_166\":\"c\",\"anw_167\":\"d\",\"anw_168\":\"e\",\"anw_169\":\"e\",\"anw_170\":\"b\"}','{\"Artistic\":[\"sociology\",\"Economics\",\"History\",\"NA\",\"civils\",\"civils\",\"civils\"],\"management\":[\"NA\",\"NA\",\"NA\",\"NA\",\"NA\"],\"Conventional\":[\"NA\",\"NA\",\"NA\",\"NA\",\"NA\",\"NA\",\"NA\",\"NA\",\"NA\",\"NA\",\"NA\",\"NA\"],\"Enterprising\":[\"NA\",\"NA\",\"NA\",\"NA\",\"NA\",\"NA\",\"NA\"],\"science\":[\"NA\",\"medical\",\"NA\",\"mathematician\",\"mathematician\",\"mathematician\",\"cycology\"],\"engineering\":[\"NA\",\"software\",\"software\"],\"investigative\":[\"NA\",\"NA\"]}','2017-04-06 18:32:16'),(13,2231,'{\"anw_129\":\"b\",\"anw_130\":\"e\",\"anw_131\":\"c\",\"anw_132\":\"c\",\"anw_133\":\"d\",\"anw_134\":\"c\",\"anw_135\":\"d\",\"anw_136\":\"d\",\"anw_137\":\"c\",\"anw_138\":\"c\",\"anw_139\":\"b\",\"anw_140\":\"c\",\"anw_141\":\"a\",\"anw_142\":\"b\",\"anw_143\":\"d\",\"anw_144\":\"c\",\"anw_145\":\"a\",\"anw_146\":\"c\",\"anw_147\":\"e\",\"anw_148\":\"e\",\"anw_149\":\"e\",\"anw_150\":\"e\",\"anw_151\":\"e\",\"anw_152\":\"d\",\"anw_153\":\"e\",\"anw_154\":\"e\",\"anw_155\":\"e\",\"anw_156\":\"e\",\"anw_157\":\"e\",\"anw_158\":\"e\",\"anw_159\":\"c\",\"anw_160\":\"e\",\"anw_161\":\"d\",\"anw_162\":\"e\",\"anw_163\":\"e\",\"anw_164\":\"c\",\"anw_165\":\"c\",\"anw_166\":\"c\",\"anw_167\":\"d\",\"anw_168\":\"e\",\"anw_169\":\"e\",\"anw_170\":\"b\"}','{\"Artistic\":[\"sociology\",\"Economics\",\"History\",\"NA\",\"civils\",\"civils\",\"civils\"],\"management\":[\"NA\",\"NA\",\"NA\",\"NA\",\"NA\"],\"Conventional\":[\"NA\",\"NA\",\"NA\",\"NA\",\"NA\",\"NA\",\"NA\",\"NA\",\"NA\",\"NA\",\"NA\",\"NA\"],\"Enterprising\":[\"NA\",\"NA\",\"NA\",\"NA\",\"NA\",\"NA\",\"NA\"],\"science\":[\"NA\",\"medical\",\"NA\",\"mathematician\",\"mathematician\",\"mathematician\",\"cycology\"],\"engineering\":[\"NA\",\"software\",\"software\"],\"investigative\":[\"NA\",\"NA\"]}','2017-04-06 18:32:16'),(14,2232,'{\"anw_129\":\"b\",\"anw_130\":\"c\",\"anw_131\":\"d\",\"anw_132\":\"c\",\"anw_133\":\"d\",\"anw_134\":\"c\",\"anw_135\":\"d\",\"anw_136\":\"e\",\"anw_137\":\"e\",\"anw_138\":\"d\",\"anw_139\":\"d\",\"anw_140\":\"c\",\"anw_141\":\"b\",\"anw_142\":\"c\",\"anw_143\":\"b\",\"anw_144\":\"c\",\"anw_145\":\"e\",\"anw_146\":\"c\",\"anw_147\":\"b\",\"anw_148\":\"c\",\"anw_149\":\"d\",\"anw_150\":\"d\",\"anw_151\":\"c\",\"anw_152\":\"d\",\"anw_153\":\"d\",\"anw_154\":\"e\",\"anw_155\":\"c\",\"anw_156\":\"c\",\"anw_157\":\"d\",\"anw_158\":\"c\",\"anw_159\":\"c\",\"anw_160\":\"c\",\"anw_161\":\"d\",\"anw_162\":\"c\",\"anw_163\":\"e\",\"anw_164\":\"b\",\"anw_165\":\"c\",\"anw_166\":\"e\",\"anw_167\":\"d\",\"anw_168\":\"c\",\"anw_169\":\"c\",\"anw_170\":\"e\"}','{\"Artistic\":[\"sociology\",\"Economics\",\"History\",\"police\",\"NA\",\"police\",\"civils\"],\"Conventional\":[\"NA\",\"NA\",\"NA\",\"NA\",\"NA\",\"NA\",\"NA\",\"NA\",\"NA\",\"NA\",\"NA\",\"NA\",\"NA\",\"NA\",\"NA\",\"NA\",\"NA\",\"NA\"],\"management\":[\"NA\",\"hotel\",\"NA\",\"NA\",\"NA\",\"NA\"],\"Enterprising\":[\"NA\",\"NA\",\"NA\"],\"science\":[\"NA\",\"NA\",\"NA\",\"mathematician\",\"cycology\"],\"investigative\":[\"NA\",\"NA\"],\"engineering\":[\"architecture\",\"software\"]}','2017-04-09 13:45:19'),(15,2233,'{\"anw_129\":\"d\",\"anw_130\":\"c\",\"anw_131\":\"c\",\"anw_132\":\"c\",\"anw_133\":\"d\",\"anw_134\":\"d\",\"anw_135\":\"d\",\"anw_136\":\"d\",\"anw_137\":\"d\",\"anw_138\":\"e\",\"anw_139\":\"c\",\"anw_140\":\"c\",\"anw_141\":\"a\",\"anw_142\":\"c\",\"anw_143\":\"d\",\"anw_144\":\"c\",\"anw_145\":\"b\",\"anw_146\":\"b\",\"anw_147\":\"d\",\"anw_148\":\"a\",\"anw_149\":\"c\",\"anw_150\":\"c\",\"anw_151\":\"d\",\"anw_152\":\"c\",\"anw_153\":\"c\",\"anw_154\":\"c\",\"anw_155\":\"d\",\"anw_156\":\"d\",\"anw_157\":\"d\",\"anw_158\":\"d\",\"anw_159\":\"c\",\"anw_160\":\"b\",\"anw_161\":\"d\",\"anw_162\":\"b\",\"anw_163\":\"d\",\"anw_164\":\"d\",\"anw_165\":\"b\",\"anw_166\":\"d\",\"anw_167\":\"d\",\"anw_168\":\"c\",\"anw_169\":\"d\",\"anw_170\":\"d\"}','{\"engineering\":[\"civils\",\"mechanical\",\"software\",\"software\"],\"Conventional\":[\"NA\",\"NA\",\"NA\",\"NA\",\"NA\",\"NA\",\"NA\",\"NA\",\"NA\",\"NA\",\"NA\",\"NA\",\"NA\",\"NA\"],\"Enterprising\":[\"NA\",\"NA\",\"NA\",\"NA\",\"NA\"],\"science\":[\"NA\",\"mathematician\",\"NA\",\"NA\",\"mathematician\",\"doctor\",\"NA\"],\"Artistic\":[\"NA\",\"police\",\"NA\",\"police\",\"police\"],\"investigative\":[\"NA\",\"NA\"],\"management\":[\"NA\",\"NA\",\"NA\",\"NA\",\"NA\"]}','2017-04-15 16:59:59'),(16,2235,'{\"anw_129\":\"c\",\"anw_130\":\"c\",\"anw_131\":\"d\",\"anw_132\":\"c\",\"anw_133\":\"d\",\"anw_134\":\"c\",\"anw_135\":\"d\",\"anw_136\":\"e\",\"anw_137\":\"c\",\"anw_138\":\"b\",\"anw_139\":\"a\",\"anw_140\":\"e\",\"anw_141\":\"d\",\"anw_142\":\"e\",\"anw_143\":\"c\",\"anw_144\":\"e\",\"anw_145\":\"d\",\"anw_146\":\"c\",\"anw_147\":\"d\",\"anw_148\":\"c\",\"anw_149\":\"d\",\"anw_150\":\"c\",\"anw_151\":\"d\",\"anw_152\":\"c\",\"anw_153\":\"c\",\"anw_154\":\"d\",\"anw_155\":\"d\",\"anw_156\":\"e\",\"anw_157\":\"d\",\"anw_158\":\"c\",\"anw_159\":\"d\",\"anw_160\":\"b\",\"anw_161\":\"d\",\"anw_162\":\"b\",\"anw_163\":\"c\",\"anw_164\":\"b\",\"anw_165\":\"b\",\"anw_166\":\"c\",\"anw_167\":\"d\",\"anw_168\":\"d\",\"anw_169\":\"e\",\"anw_170\":\"c\"}','{\"Conventional\":[\"NA\",\"NA\",\"NA\",\"NA\",\"NA\",\"NA\",\"NA\",\"NA\",\"NA\",\"NA\",\"NA\",\"NA\",\"NA\",\"NA\"],\"management\":[\"NA\",\"NA\",\"NA\",\"NA\",\"NA\",\"NA\",\"NA\",\"NA\",\"NA\",\"NA\",\"NA\"],\"Enterprising\":[\"NA\",\"NA\",\"NA\"],\"science\":[\"NA\",\"doctor\",\"NA\",\"mathematician\",\"NA\"],\"engineering\":[\"software\",\"software\"],\"Artistic\":[\"chef\",\"NA\",\"social\",\"police\",\"police\"],\"investigative\":[\"NA\"]}','2017-04-20 15:31:19'),(17,2236,'{\"anw_129\":\"c\",\"anw_130\":\"d\",\"anw_131\":\"e\",\"anw_132\":\"c\",\"anw_133\":\"e\",\"anw_134\":\"e\",\"anw_135\":\"d\",\"anw_136\":\"c\",\"anw_137\":\"d\",\"anw_138\":\"d\",\"anw_139\":\"e\",\"anw_140\":\"b\",\"anw_141\":\"c\",\"anw_142\":\"d\",\"anw_143\":\"c\",\"anw_144\":\"c\",\"anw_145\":\"d\",\"anw_146\":\"d\",\"anw_147\":\"d\",\"anw_148\":\"d\",\"anw_149\":\"c\",\"anw_150\":\"e\",\"anw_151\":\"d\",\"anw_152\":\"e\",\"anw_153\":\"c\",\"anw_154\":\"e\",\"anw_155\":\"c\",\"anw_156\":\"c\",\"anw_157\":\"d\",\"anw_158\":\"c\",\"anw_159\":\"d\",\"anw_160\":\"e\",\"anw_161\":\"c\",\"anw_162\":\"c\",\"anw_163\":\"e\",\"anw_164\":\"c\",\"anw_165\":\"d\",\"anw_166\":\"d\",\"anw_167\":\"d\",\"anw_168\":\"d\",\"anw_169\":\"d\",\"anw_170\":\"e\"}','{\"Conventional\":[\"NA\",\"NA\",\"NA\",\"NA\",\"NA\",\"NA\",\"NA\",\"NA\",\"NA\",\"NA\",\"NA\",\"NA\",\"NA\",\"NA\"],\"engineering\":[\"NA\",\"NA\",\"electrical & electronics\",\"architecture\",\"software\",\"NA\"],\"Artistic\":[\"sociology\",\"politics\",\"police\",\"police\",\"NA\",\"chef\",\"NA\",\"police\",\"civils\"],\"management\":[\"NA\",\"NA\",\"NA\",\"NA\",\"NA\",\"NA\",\"NA\",\"NA\",\"NA\"],\"science\":[\"NA\",\"cycology\"],\"Enterprising\":[\"NA\",\"NA\"]}','2017-04-25 19:56:08'),(18,2237,'{\"anw_129\":\"b\",\"anw_130\":\"c\",\"anw_131\":\"c\",\"anw_132\":\"a\",\"anw_133\":\"c\",\"anw_134\":\"c\",\"anw_135\":\"d\",\"anw_136\":\"c\",\"anw_137\":\"b\",\"anw_138\":\"c\",\"anw_139\":\"a\",\"anw_140\":\"d\",\"anw_141\":\"d\",\"anw_142\":\"a\",\"anw_143\":\"b\",\"anw_144\":\"c\",\"anw_145\":\"c\",\"anw_146\":\"a\",\"anw_147\":\"c\",\"anw_148\":\"c\",\"anw_149\":\"d\",\"anw_150\":\"c\",\"anw_151\":\"c\",\"anw_152\":\"b\",\"anw_153\":\"c\",\"anw_154\":\"c\",\"anw_155\":\"c\",\"anw_156\":\"c\",\"anw_157\":\"c\",\"anw_158\":\"c\",\"anw_159\":\"c\",\"anw_160\":\"d\",\"anw_161\":\"c\",\"anw_162\":\"b\",\"anw_163\":\"c\",\"anw_164\":\"c\",\"anw_165\":\"b\",\"anw_166\":\"d\",\"anw_167\":\"c\",\"anw_168\":\"c\",\"anw_169\":\"c\",\"anw_170\":\"d\"}','{\"Artistic\":[\"sociology\",\"Economics\",\"History\",\"NA\",\"NA\",\"NA\",\"NA\",\"police\"],\"Conventional\":[\"NA\",\"NA\",\"NA\",\"NA\",\"NA\",\"NA\",\"NA\",\"NA\",\"NA\",\"NA\",\"NA\",\"NA\",\"NA\",\"NA\",\"NA\",\"NA\",\"NA\",\"NA\",\"NA\",\"NA\",\"NA\",\"NA\",\"NA\",\"NA\",\"NA\"],\"science\":[\"NA\",\"NA\",\"NA\",\"NA\"],\"engineering\":[\"software\"],\"management\":[\"NA\",\"NA\",\"NA\",\"NA\"],\"Enterprising\":[\"NA\"]}','2017-04-28 10:55:35'),(19,2239,'{\"anw_129\":\"c\",\"anw_130\":\"c\",\"anw_131\":\"b\",\"anw_132\":\"a\",\"anw_133\":\"b\",\"anw_134\":\"c\",\"anw_135\":\"c\",\"anw_136\":\"d\",\"anw_137\":\"b\",\"anw_138\":\"d\",\"anw_139\":\"b\",\"anw_140\":\"a\",\"anw_141\":\"b\",\"anw_142\":\"c\",\"anw_143\":\"c\",\"anw_144\":\"d\",\"anw_145\":\"c\",\"anw_146\":\"b\",\"anw_147\":\"b\",\"anw_148\":\"c\",\"anw_149\":\"d\",\"anw_150\":\"e\",\"anw_151\":\"d\",\"anw_152\":\"e\",\"anw_153\":\"d\",\"anw_154\":\"e\",\"anw_155\":\"d\",\"anw_156\":\"d\",\"anw_157\":\"c\",\"anw_158\":\"c\",\"anw_159\":\"d\",\"anw_160\":\"d\",\"anw_161\":\"c\",\"anw_162\":\"d\",\"anw_163\":\"e\",\"anw_164\":\"c\",\"anw_165\":\"e\",\"anw_166\":\"e\",\"anw_167\":\"e\",\"anw_168\":\"e\",\"anw_169\":\"e\",\"anw_170\":\"e\"}','{\"Conventional\":[\"NA\",\"NA\",\"NA\",\"NA\",\"NA\",\"NA\",\"NA\",\"NA\",\"NA\",\"NA\",\"NA\",\"NA\"],\"engineering\":[\"software\",\"NA\",\"software\",\"software\"],\"Artistic\":[\"NA\",\"NA\",\"police\",\"NA\",\"police\",\"civils\",\"civils\"],\"science\":[\"medical\",\"NA\",\"zoology\",\"NA\",\"NA\",\"cycology\",\"mathematician\"],\"management\":[\"NA\",\"NA\",\"NA\",\"NA\",\"NA\",\"NA\"],\"investigative\":[\"NA\"],\"Enterprising\":[\"NA\",\"NA\",\"NA\",\"NA\"]}','2017-05-08 16:29:09'),(20,2240,'{\"anw_129\":\"c\",\"anw_130\":\"d\",\"anw_131\":\"e\",\"anw_132\":\"b\",\"anw_133\":\"d\",\"anw_134\":\"d\",\"anw_135\":\"e\",\"anw_136\":\"e\",\"anw_137\":\"e\",\"anw_138\":\"e\",\"anw_139\":\"c\",\"anw_140\":\"d\",\"anw_141\":\"c\",\"anw_142\":\"e\",\"anw_143\":\"e\",\"anw_144\":\"b\",\"anw_145\":\"c\",\"anw_146\":\"a\",\"anw_147\":\"d\",\"anw_148\":\"b\",\"anw_149\":\"e\",\"anw_150\":\"e\",\"anw_151\":\"d\",\"anw_152\":\"d\",\"anw_153\":\"e\",\"anw_154\":\"e\",\"anw_155\":\"e\",\"anw_156\":\"e\",\"anw_157\":\"d\",\"anw_158\":\"c\",\"anw_159\":\"d\",\"anw_160\":\"b\",\"anw_161\":\"d\",\"anw_162\":\"a\",\"anw_163\":\"d\",\"anw_164\":\"c\",\"anw_165\":\"d\",\"anw_166\":\"e\",\"anw_167\":\"e\",\"anw_168\":\"e\",\"anw_169\":\"c\",\"anw_170\":\"c\"}','{\"Conventional\":[\"NA\",\"NA\",\"NA\",\"NA\",\"NA\",\"NA\",\"NA\"],\"engineering\":[\"NA\",\"software\",\"NA\",\"NA\",\"software\"],\"Artistic\":[\"sociology\",\"politics\",\"NA\",\"NA\",\"NA\",\"NA\",\"civils\",\"civils\",\"police\"],\"Enterprising\":[\"NA\",\"NA\",\"NA\",\"NA\",\"NA\",\"NA\",\"NA\",\"NA\"],\"science\":[\"mathematician\",\"pharmacy\",\"mathematician\",\"mathematician\",\"doctor\"],\"investigative\":[\"NA\",\"NA\",\"NA\",\"NA\"],\"management\":[\"NA\",\"NA\",\"NA\",\"NA\"]}','2017-05-09 19:24:21'),(21,2242,'{\"anw_129\":\"c\",\"anw_130\":\"d\",\"anw_131\":\"c\",\"anw_132\":\"c\",\"anw_133\":\"c\",\"anw_134\":\"d\",\"anw_135\":\"e\",\"anw_136\":\"c\",\"anw_137\":\"e\",\"anw_138\":\"e\",\"anw_139\":\"c\",\"anw_140\":\"b\",\"anw_141\":\"c\",\"anw_142\":\"c\",\"anw_143\":\"c\",\"anw_144\":\"b\",\"anw_145\":\"d\",\"anw_146\":\"d\",\"anw_147\":\"b\",\"anw_148\":\"d\",\"anw_149\":\"d\",\"anw_150\":\"d\",\"anw_151\":\"d\",\"anw_152\":\"c\",\"anw_153\":\"e\",\"anw_154\":\"e\",\"anw_155\":\"d\",\"anw_156\":\"d\",\"anw_157\":\"c\",\"anw_158\":\"d\",\"anw_159\":\"c\",\"anw_160\":\"a\",\"anw_161\":\"d\",\"anw_162\":\"e\",\"anw_163\":\"e\",\"anw_164\":\"c\",\"anw_165\":\"e\",\"anw_166\":\"b\",\"anw_167\":\"d\",\"anw_168\":\"e\",\"anw_169\":\"e\",\"anw_170\":\"e\"}','{\"Conventional\":[\"NA\",\"NA\",\"NA\",\"NA\",\"NA\",\"NA\",\"NA\",\"NA\",\"NA\",\"NA\",\"NA\",\"NA\",\"NA\"],\"engineering\":[\"NA\",\"NA\",\"architecture\"],\"Enterprising\":[\"NA\",\"NA\",\"NA\"],\"science\":[\"mathematician\",\"pharmacy\",\"NA\",\"mathematician\",\"cycology\",\"mathematician\"],\"investigative\":[\"NA\",\"NA\",\"NA\",\"NA\",\"NA\",\"NA\"],\"Artistic\":[\"chef\",\"police\",\"police\",\"civils\",\"police\"],\"management\":[\"NA\",\"NA\",\"NA\",\"NA\",\"NA\"]}','2017-05-22 12:31:53'),(22,2242,'{\"anw_129\":\"c\",\"anw_130\":\"d\",\"anw_131\":\"c\",\"anw_132\":\"c\",\"anw_133\":\"c\",\"anw_134\":\"d\",\"anw_135\":\"e\",\"anw_136\":\"c\",\"anw_137\":\"e\",\"anw_138\":\"e\",\"anw_139\":\"c\",\"anw_140\":\"b\",\"anw_141\":\"c\",\"anw_142\":\"c\",\"anw_143\":\"c\",\"anw_144\":\"b\",\"anw_145\":\"d\",\"anw_146\":\"d\",\"anw_147\":\"b\",\"anw_148\":\"d\",\"anw_149\":\"d\",\"anw_150\":\"d\",\"anw_151\":\"d\",\"anw_152\":\"c\",\"anw_153\":\"e\",\"anw_154\":\"e\",\"anw_155\":\"d\",\"anw_156\":\"d\",\"anw_157\":\"c\",\"anw_158\":\"d\",\"anw_159\":\"c\",\"anw_160\":\"a\",\"anw_161\":\"d\",\"anw_162\":\"e\",\"anw_163\":\"e\",\"anw_164\":\"c\",\"anw_165\":\"e\",\"anw_166\":\"b\",\"anw_167\":\"d\",\"anw_168\":\"e\",\"anw_169\":\"e\",\"anw_170\":\"e\"}','{\"Conventional\":[\"NA\",\"NA\",\"NA\",\"NA\",\"NA\",\"NA\",\"NA\",\"NA\",\"NA\",\"NA\",\"NA\",\"NA\",\"NA\"],\"engineering\":[\"NA\",\"NA\",\"architecture\"],\"Enterprising\":[\"NA\",\"NA\",\"NA\"],\"science\":[\"mathematician\",\"pharmacy\",\"NA\",\"mathematician\",\"cycology\",\"mathematician\"],\"investigative\":[\"NA\",\"NA\",\"NA\",\"NA\",\"NA\",\"NA\"],\"Artistic\":[\"chef\",\"police\",\"police\",\"civils\",\"police\"],\"management\":[\"NA\",\"NA\",\"NA\",\"NA\",\"NA\"]}','2017-05-22 12:40:46'),(23,2251,'{\"anw_129\":\"c\",\"anw_130\":\"c\",\"anw_131\":\"e\",\"anw_132\":\"b\",\"anw_133\":\"d\",\"anw_134\":\"d\",\"anw_135\":\"b\",\"anw_136\":\"d\",\"anw_137\":\"a\",\"anw_138\":\"d\",\"anw_139\":\"d\",\"anw_140\":\"a\",\"anw_141\":\"a\",\"anw_142\":\"c\",\"anw_143\":\"a\",\"anw_144\":\"a\",\"anw_145\":\"e\",\"anw_146\":\"d\",\"anw_147\":\"e\",\"anw_148\":\"e\",\"anw_149\":\"d\",\"anw_150\":\"e\",\"anw_151\":\"e\",\"anw_152\":\"e\",\"anw_153\":\"d\",\"anw_154\":\"e\",\"anw_155\":\"d\",\"anw_156\":\"e\",\"anw_157\":\"d\",\"anw_158\":\"c\",\"anw_159\":\"c\",\"anw_160\":\"e\",\"anw_161\":\"d\",\"anw_162\":\"e\",\"anw_163\":\"e\",\"anw_164\":\"c\",\"anw_165\":\"e\",\"anw_166\":\"e\",\"anw_167\":\"d\",\"anw_168\":\"c\",\"anw_169\":\"d\",\"anw_170\":\"e\"}','{\"Conventional\":[\"NA\",\"NA\",\"NA\",\"NA\",\"NA\",\"NA\",\"NA\"],\"Artistic\":[\"sociology\",\"politics\",\"NA\",\"NA\",\"NA\",\"NA\",\"police\",\"NA\",\"civils\",\"civils\",\"civils\"],\"Enterprising\":[\"NA\",\"NA\",\"NA\",\"NA\",\"NA\"],\"engineering\":[\"architecture\",\"NA\",\"architecture\",\"software\",\"software\",\"software\"],\"science\":[\"NA\",\"NA\",\"mathematician\",\"cycology\",\"mathematician\"],\"management\":[\"hotel\",\"NA\",\"NA\",\"NA\",\"NA\",\"NA\"],\"investigative\":[\"NA\",\"NA\"]}','2017-12-09 09:03:41'),(24,2252,'{\"anw_129\":\"c\",\"anw_130\":\"d\",\"anw_131\":\"e\",\"anw_132\":\"b\",\"anw_133\":\"d\",\"anw_134\":\"e\",\"anw_135\":\"d\",\"anw_136\":\"d\",\"anw_137\":\"d\",\"anw_138\":\"e\",\"anw_139\":\"d\",\"anw_140\":\"c\",\"anw_141\":\"d\",\"anw_142\":\"e\",\"anw_143\":\"b\",\"anw_144\":\"c\",\"anw_145\":\"c\",\"anw_146\":\"b\",\"anw_147\":\"d\",\"anw_148\":\"d\",\"anw_149\":\"d\",\"anw_150\":\"e\",\"anw_151\":\"d\",\"anw_152\":\"e\",\"anw_153\":\"e\",\"anw_154\":\"e\",\"anw_155\":\"d\",\"anw_156\":\"c\",\"anw_157\":\"c\",\"anw_158\":\"c\",\"anw_159\":\"c\",\"anw_160\":\"c\",\"anw_161\":\"c\",\"anw_162\":\"d\",\"anw_163\":\"d\",\"anw_164\":\"c\",\"anw_165\":\"c\",\"anw_166\":\"e\",\"anw_167\":\"c\",\"anw_168\":\"e\",\"anw_169\":\"c\",\"anw_170\":\"d\"}','{\"Conventional\":[\"NA\",\"NA\",\"NA\",\"NA\",\"NA\",\"NA\",\"NA\",\"NA\",\"NA\",\"NA\",\"NA\",\"NA\",\"NA\",\"NA\"],\"engineering\":[\"NA\",\"architecture\",\"software\",\"software\"],\"Artistic\":[\"sociology\",\"politics\",\"NA\",\"NA\",\"police\",\"NA\",\"police\",\"civils\"],\"Enterprising\":[\"NA\",\"NA\"],\"management\":[\"NA\",\"NA\",\"NA\",\"NA\",\"NA\",\"NA\"],\"science\":[\"NA\",\"NA\",\"NA\",\"NA\",\"doctor\"],\"investigative\":[\"NA\",\"NA\",\"NA\"]}','2017-12-10 18:24:57'),(25,2253,'{\"anw_129\":\"d\",\"anw_130\":\"d\",\"anw_131\":\"e\",\"anw_132\":\"c\",\"anw_133\":\"d\",\"anw_134\":\"c\",\"anw_135\":\"d\",\"anw_136\":\"e\",\"anw_137\":\"e\",\"anw_138\":\"d\",\"anw_139\":\"c\",\"anw_140\":\"c\",\"anw_141\":\"c\",\"anw_142\":\"c\",\"anw_143\":\"d\",\"anw_144\":\"d\",\"anw_145\":\"c\",\"anw_146\":\"c\",\"anw_147\":\"c\",\"anw_148\":\"d\",\"anw_149\":\"e\",\"anw_150\":\"e\",\"anw_151\":\"e\",\"anw_152\":\"e\",\"anw_153\":\"e\",\"anw_154\":\"e\",\"anw_155\":\"e\",\"anw_156\":\"e\",\"anw_157\":\"e\",\"anw_158\":\"e\",\"anw_159\":\"d\",\"anw_160\":\"c\",\"anw_161\":\"d\",\"anw_162\":\"d\",\"anw_163\":\"d\",\"anw_164\":\"d\",\"anw_165\":\"e\",\"anw_166\":\"e\",\"anw_167\":\"e\",\"anw_168\":\"b\",\"anw_169\":\"e\",\"anw_170\":\"c\"}','{\"engineering\":[\"civils\",\"mechanical\",\"NA\",\"software\",\"software\"],\"Artistic\":[\"sociology\",\"politics\",\"police\",\"police\",\"civils\",\"civils\",\"civils\"],\"Conventional\":[\"NA\",\"NA\",\"NA\",\"NA\",\"NA\",\"NA\",\"NA\",\"NA\",\"NA\",\"NA\"],\"Enterprising\":[\"NA\",\"NA\",\"NA\",\"NA\",\"NA\",\"NA\",\"NA\"],\"science\":[\"NA\",\"mathematician\",\"zoology\",\"mathematician\",\"mathematician\",\"doctor\",\"mathematician\"],\"investigative\":[\"NA\",\"NA\"],\"management\":[\"NA\",\"NA\",\"NA\",\"NA\",\"NA\"]}','2017-12-15 20:17:32'),(26,2215,'{\"anw_129\":\"b\",\"anw_130\":\"a\",\"anw_131\":\"c\",\"anw_132\":\"d\",\"anw_133\":\"c\",\"anw_134\":\"c\",\"anw_135\":\"c\",\"anw_136\":\"c\",\"anw_137\":\"d\",\"anw_138\":\"c\",\"anw_139\":\"c\",\"anw_140\":\"b\",\"anw_141\":\"a\",\"anw_142\":\"b\",\"anw_143\":\"b\",\"anw_144\":\"c\",\"anw_145\":\"c\",\"anw_146\":\"c\",\"anw_147\":\"c\",\"anw_148\":\"c\",\"anw_149\":\"c\",\"anw_150\":\"c\",\"anw_151\":\"c\",\"anw_152\":\"c\",\"anw_153\":\"c\",\"anw_154\":\"c\",\"anw_155\":\"c\",\"anw_156\":\"b\",\"anw_157\":\"b\",\"anw_158\":\"b\",\"anw_159\":\"b\",\"anw_160\":\"b\",\"anw_161\":\"b\",\"anw_162\":\"b\",\"anw_163\":\"b\",\"anw_164\":\"a\",\"anw_165\":\"b\",\"anw_166\":\"a\",\"anw_167\":\"a\",\"anw_168\":\"a\",\"anw_169\":\"a\",\"anw_170\":\"a\"}','{\"Artistic\":[\"sociology\",\"Economics\",\"History\",\"NA\",\"police\",\"police\",\"social\",\"police\",\"NA\",\"social\",\"social\"],\"Conventional\":[\"NA\",\"NA\",\"NA\",\"NA\",\"NA\",\"NA\",\"NA\",\"NA\",\"NA\",\"NA\",\"NA\",\"NA\",\"NA\",\"NA\",\"NA\",\"NA\",\"NA\",\"NA\",\"NA\"],\"engineering\":[\"electrical & electronics\",\"NA\",\"NA\",\"NA\",\"NA\",\"NA\"],\"Enterprising\":[\"NA\",\"NA\",\"NA\"],\"science\":[\"NA\",\"NA\",\"NA\",\"medical\",\"doctor\"]}','2017-12-27 15:27:18'),(27,2254,'{\"anw_129\":\"d\",\"anw_130\":\"c\",\"anw_131\":\"c\",\"anw_132\":\"b\",\"anw_133\":\"d\",\"anw_134\":\"b\",\"anw_135\":\"c\",\"anw_136\":\"d\",\"anw_137\":\"c\",\"anw_138\":\"c\",\"anw_139\":\"c\",\"anw_140\":\"d\",\"anw_141\":\"d\",\"anw_142\":\"b\",\"anw_143\":\"b\",\"anw_144\":\"c\",\"anw_145\":\"b\",\"anw_146\":\"a\",\"anw_147\":\"c\",\"anw_148\":\"c\",\"anw_149\":\"d\",\"anw_150\":\"c\",\"anw_151\":\"c\",\"anw_152\":\"b\",\"anw_153\":\"c\",\"anw_154\":\"d\",\"anw_155\":\"c\",\"anw_156\":\"c\",\"anw_157\":\"e\",\"anw_158\":\"e\",\"anw_159\":\"e\",\"anw_160\":\"c\",\"anw_161\":\"e\",\"anw_162\":\"d\",\"anw_163\":\"b\",\"anw_164\":\"c\",\"anw_165\":\"b\",\"anw_166\":\"c\",\"anw_167\":\"d\",\"anw_168\":\"d\",\"anw_169\":\"e\",\"anw_170\":\"c\"}','{\"engineering\":[\"civils\",\"mechanical\",\"NA\"],\"Conventional\":[\"NA\",\"NA\",\"NA\",\"NA\",\"NA\",\"NA\",\"NA\",\"NA\",\"NA\",\"NA\",\"NA\",\"NA\",\"NA\",\"NA\",\"NA\",\"NA\",\"NA\"],\"Artistic\":[\"NA\",\"NA\",\"NA\",\"NA\",\"social\",\"NA\"],\"Enterprising\":[\"NA\",\"NA\",\"NA\",\"NA\"],\"management\":[\"NA\",\"NA\",\"NA\",\"NA\",\"NA\",\"NA\"],\"science\":[\"NA\",\"NA\",\"NA\",\"NA\",\"NA\",\"NA\"]}','2017-12-28 16:35:14'),(28,2255,'{\"anw_129\":\"c\",\"anw_130\":\"c\",\"anw_131\":\"d\",\"anw_132\":\"c\",\"anw_133\":\"b\",\"anw_134\":\"c\",\"anw_135\":\"c\",\"anw_136\":\"c\",\"anw_137\":\"c\",\"anw_138\":\"e\",\"anw_139\":\"a\",\"anw_140\":\"b\",\"anw_141\":\"c\",\"anw_142\":\"e\",\"anw_143\":\"b\",\"anw_144\":\"a\",\"anw_145\":\"e\",\"anw_146\":\"d\",\"anw_147\":\"d\",\"anw_148\":\"c\",\"anw_149\":\"c\",\"anw_150\":\"c\",\"anw_151\":\"d\",\"anw_152\":\"c\",\"anw_153\":\"c\",\"anw_154\":\"c\",\"anw_155\":\"d\",\"anw_156\":\"d\",\"anw_157\":\"e\",\"anw_158\":\"c\",\"anw_159\":\"c\",\"anw_160\":\"e\",\"anw_161\":\"d\",\"anw_162\":\"a\",\"anw_163\":\"b\",\"anw_164\":\"c\",\"anw_165\":\"c\",\"anw_166\":\"c\",\"anw_167\":\"c\",\"anw_168\":\"c\",\"anw_169\":\"e\",\"anw_170\":\"d\"}','{\"Conventional\":[\"NA\",\"NA\",\"NA\",\"NA\",\"NA\",\"NA\",\"NA\",\"NA\",\"NA\",\"NA\",\"NA\",\"NA\",\"NA\",\"NA\",\"NA\",\"NA\",\"NA\",\"NA\",\"NA\",\"NA\",\"NA\"],\"management\":[\"NA\",\"NA\",\"hotel\",\"NA\",\"NA\"],\"engineering\":[\"NA\",\"NA\",\"software\",\"NA\",\"architecture\",\"software\"],\"investigative\":[\"NA\",\"NA\",\"NA\"],\"science\":[\"NA\",\"mathematician\"],\"Artistic\":[\"NA\",\"NA\"],\"Enterprising\":[\"NA\",\"NA\"]}','2018-01-20 21:50:02'),(29,2256,'{\"anw_129\":\"d\",\"anw_130\":\"b\",\"anw_131\":\"d\",\"anw_132\":\"d\",\"anw_133\":\"e\",\"anw_134\":\"b\",\"anw_135\":\"e\",\"anw_136\":\"d\",\"anw_137\":\"c\",\"anw_138\":\"a\",\"anw_139\":\"c\",\"anw_140\":\"b\",\"anw_141\":\"b\",\"anw_142\":\"c\",\"anw_143\":\"e\",\"anw_144\":\"d\",\"anw_145\":\"a\",\"anw_146\":\"d\",\"anw_147\":\"e\",\"anw_148\":\"e\",\"anw_149\":\"e\",\"anw_150\":\"e\",\"anw_151\":\"e\",\"anw_152\":\"d\",\"anw_153\":\"d\",\"anw_154\":\"d\",\"anw_155\":\"a\",\"anw_156\":\"d\",\"anw_157\":\"b\",\"anw_158\":\"e\",\"anw_159\":\"d\",\"anw_160\":\"b\",\"anw_161\":\"a\",\"anw_162\":\"a\",\"anw_163\":\"d\",\"anw_164\":\"d\",\"anw_165\":\"d\",\"anw_166\":\"e\",\"anw_167\":\"d\",\"anw_168\":\"b\",\"anw_169\":\"a\",\"anw_170\":\"a\"}','{\"engineering\":[\"civils\",\"mechanical\",\"electrical & electronics\",\"NA\",\"NA\",\"NA\",\"NA\",\"architecture\",\"software\",\"NA\",\"NA\",\"software\",\"NA\",\"software\"],\"Artistic\":[\"NA\",\"NA\",\"NA\",\"NA\",\"civils\",\"civils\",\"social\",\"police\",\"teacher\",\"civils\",\"social\"],\"management\":[\"NA\",\"NA\",\"NA\"],\"science\":[\"mathematician\",\"zoology\",\"mathematician\",\"doctor\"],\"Conventional\":[\"NA\",\"NA\",\"NA\"],\"investigative\":[\"NA\",\"NA\"],\"Enterprising\":[\"NA\",\"NA\",\"NA\",\"NA\",\"NA\"]}','2018-02-04 15:08:16');
/*!40000 ALTER TABLE `student_aptitude_log` ENABLE KEYS */;
UNLOCK TABLES;

--
-- Table structure for table `student_personality_log`
--

DROP TABLE IF EXISTS `student_personality_log`;
/*!40101 SET @saved_cs_client     = @@character_set_client */;
/*!40101 SET character_set_client = utf8 */;
CREATE TABLE `student_personality_log` (
  `id` int(11) NOT NULL AUTO_INCREMENT,
  `uid` int(11) unsigned NOT NULL,
  `answ_blob` text CHARACTER SET latin1 NOT NULL,
  `result` text CHARACTER SET latin1 NOT NULL,
  `added_on` datetime NOT NULL,
  PRIMARY KEY (`id`),
  UNIQUE KEY `uid` (`uid`),
  CONSTRAINT `student_personality_log_ibfk_1` FOREIGN KEY (`uid`) REFERENCES `users` (`id`) ON DELETE CASCADE
) ENGINE=InnoDB AUTO_INCREMENT=18 DEFAULT CHARSET=utf8;
/*!40101 SET character_set_client = @saved_cs_client */;

--
-- Dumping data for table `student_personality_log`
--

LOCK TABLES `student_personality_log` WRITE;
/*!40000 ALTER TABLE `student_personality_log` DISABLE KEYS */;
INSERT INTO `student_personality_log` (`id`, `uid`, `answ_blob`, `result`, `added_on`) VALUES (1,1196,'{\"anw_1\":\"5\",\"anw_2\":\"5\",\"anw_3\":\"5\",\"anw_4\":\"5\",\"anw_5\":\"4\",\"anw_6\":\"2\",\"anw_7\":\"5\",\"anw_8\":\"5\",\"anw_9\":\"4\",\"anw_10\":\"4\",\"anw_11\":\"4\",\"anw_12\":\"5\",\"anw_13\":\"5\",\"anw_14\":\"5\",\"anw_15\":\"3\",\"anw_16\":\"2\",\"anw_17\":\"5\",\"anw_18\":\"5\",\"anw_19\":\"2\",\"anw_20\":\"5\",\"anw_21\":\"2\",\"anw_22\":\"5\",\"anw_23\":\"5\",\"anw_24\":\"5\",\"anw_25\":\"4\",\"anw_26\":\"4\",\"anw_27\":\"4\",\"anw_28\":\"5\",\"anw_29\":\"5\",\"anw_30\":\"5\",\"anw_31\":\"4\",\"anw_32\":\"4\",\"anw_33\":\"5\",\"anw_34\":\"4\",\"anw_35\":\"4\",\"anw_36\":\"2\",\"anw_37\":\"4\",\"anw_38\":\"4\",\"anw_39\":\"4\",\"anw_40\":\"5\",\"anw_41\":\"4\",\"anw_42\":\"3\",\"anw_43\":\"2\",\"anw_44\":\"2\",\"anw_45\":\"5\",\"anw_46\":\"5\",\"anw_47\":\"2\",\"anw_48\":\"2\",\"anw_49\":\"5\",\"anw_50\":\"3\"}','{\"E\":24,\"A\":18,\"C\":19,\"N\":9,\"O\":19}','2017-02-26 11:34:52'),(2,2192,'{\"anw_1\":\"4\",\"anw_2\":\"5\",\"anw_3\":\"5\",\"anw_4\":\"2\",\"anw_5\":\"1\",\"anw_6\":\"1\",\"anw_7\":\"2\",\"anw_8\":\"1\",\"anw_9\":\"3\",\"anw_10\":\"1\",\"anw_11\":\"2\",\"anw_12\":\"3\",\"anw_13\":\"1\",\"anw_14\":\"2\",\"anw_15\":\"3\",\"anw_16\":\"5\",\"anw_17\":\"4\",\"anw_18\":\"5\",\"anw_19\":\"4\",\"anw_20\":\"2\",\"anw_21\":\"2\",\"anw_22\":\"2\",\"anw_23\":\"2\",\"anw_24\":\"1\",\"anw_25\":\"2\",\"anw_26\":\"3\",\"anw_27\":\"1\",\"anw_28\":\"2\",\"anw_29\":\"3\",\"anw_30\":\"1\",\"anw_31\":\"4\",\"anw_32\":\"4\",\"anw_33\":\"2\",\"anw_34\":\"4\",\"anw_35\":\"5\",\"anw_36\":\"2\",\"anw_37\":\"5\",\"anw_38\":\"5\",\"anw_39\":\"1\",\"anw_40\":\"2\",\"anw_41\":\"1\",\"anw_42\":\"5\",\"anw_43\":\"4\",\"anw_44\":\"1\",\"anw_45\":\"3\",\"anw_46\":\"1\",\"anw_47\":\"4\",\"anw_48\":\"4\",\"anw_49\":\"5\",\"anw_50\":\"5\"}','{\"E\":21,\"A\":21,\"C\":19,\"N\":26,\"O\":20}','2017-03-15 15:08:41'),(3,2222,'{\"anw_1\":\"5\",\"anw_2\":\"4\",\"anw_3\":\"5\",\"anw_4\":\"5\",\"anw_5\":\"4\",\"anw_6\":\"3\",\"anw_7\":\"4\",\"anw_8\":\"5\",\"anw_9\":\"1\",\"anw_10\":\"4\",\"anw_11\":\"5\",\"anw_12\":\"4\",\"anw_13\":\"5\",\"anw_14\":\"5\",\"anw_15\":\"5\",\"anw_16\":\"3\",\"anw_17\":\"2\",\"anw_18\":\"3\",\"anw_19\":\"5\",\"anw_20\":\"3\",\"anw_21\":\"5\",\"anw_22\":\"5\",\"anw_23\":\"5\",\"anw_24\":\"3\",\"anw_25\":\"5\",\"anw_26\":\"3\",\"anw_27\":\"1\",\"anw_28\":\"2\",\"anw_29\":\"5\",\"anw_30\":\"4\",\"anw_31\":\"2\",\"anw_32\":\"4\",\"anw_33\":\"5\",\"anw_34\":\"3\",\"anw_35\":\"5\",\"anw_36\":\"3\",\"anw_37\":\"3\",\"anw_38\":\"1\",\"anw_39\":\"5\",\"anw_40\":\"4\",\"anw_41\":\"5\",\"anw_42\":\"3\",\"anw_43\":\"4\",\"anw_44\":\"3\",\"anw_45\":\"2\",\"anw_46\":\"4\",\"anw_47\":\"5\",\"anw_48\":\"5\",\"anw_49\":\"3\",\"anw_50\":\"1\"}','{\"E\":26,\"A\":15,\"C\":32,\"N\":12,\"O\":22}','2017-03-19 09:02:00'),(4,2224,'{\"anw_1\":\"2\",\"anw_2\":\"3\",\"anw_3\":\"4\",\"anw_4\":\"4\",\"anw_5\":\"5\",\"anw_6\":\"3\",\"anw_7\":\"3\",\"anw_8\":\"3\",\"anw_9\":\"4\",\"anw_10\":\"3\",\"anw_11\":\"4\",\"anw_12\":\"1\",\"anw_13\":\"3\",\"anw_14\":\"3\",\"anw_15\":\"4\",\"anw_16\":\"5\",\"anw_17\":\"3\",\"anw_18\":\"4\",\"anw_19\":\"4\",\"anw_20\":\"5\",\"anw_21\":\"3\",\"anw_22\":\"4\",\"anw_23\":\"4\",\"anw_24\":\"3\",\"anw_25\":\"5\",\"anw_26\":\"5\",\"anw_27\":\"5\",\"anw_28\":\"1\",\"anw_29\":\"1\",\"anw_30\":\"4\",\"anw_31\":\"1\",\"anw_32\":\"4\",\"anw_33\":\"3\",\"anw_34\":\"4\",\"anw_35\":\"3\",\"anw_36\":\"5\",\"anw_37\":\"2\",\"anw_38\":\"3\",\"anw_39\":\"4\",\"anw_40\":\"1\",\"anw_41\":\"4\",\"anw_42\":\"2\",\"anw_43\":\"4\",\"anw_44\":\"1\",\"anw_45\":\"2\",\"anw_46\":\"5\",\"anw_47\":\"5\",\"anw_48\":\"5\",\"anw_49\":\"4\",\"anw_50\":\"2\"}','{\"E\":11,\"A\":22,\"C\":26,\"N\":22,\"O\":16}','2017-03-20 15:34:40'),(5,2225,'{\"anw_1\":\"3\",\"anw_2\":\"2\",\"anw_3\":\"3\",\"anw_4\":\"3\",\"anw_5\":\"3\",\"anw_6\":\"1\",\"anw_7\":\"3\",\"anw_8\":\"3\",\"anw_9\":\"3\",\"anw_10\":\"2\",\"anw_11\":\"3\",\"anw_12\":\"4\",\"anw_13\":\"4\",\"anw_14\":\"4\",\"anw_15\":\"3\",\"anw_16\":\"4\",\"anw_17\":\"2\",\"anw_18\":\"3\",\"anw_19\":\"3\",\"anw_20\":\"3\",\"anw_21\":\"4\",\"anw_22\":\"2\",\"anw_23\":\"3\",\"anw_24\":\"3\",\"anw_25\":\"2\",\"anw_26\":\"2\",\"anw_27\":\"3\",\"anw_28\":\"3\",\"anw_29\":\"3\",\"anw_30\":\"2\",\"anw_31\":\"2\",\"anw_32\":\"3\",\"anw_33\":\"2\",\"anw_34\":\"3\",\"anw_35\":\"2\",\"anw_36\":\"3\",\"anw_37\":\"3\",\"anw_38\":\"3\",\"anw_39\":\"3\",\"anw_40\":\"2\",\"anw_41\":\"4\",\"anw_42\":\"3\",\"anw_43\":\"3\",\"anw_44\":\"1\",\"anw_45\":\"3\",\"anw_46\":\"3\",\"anw_47\":\"3\",\"anw_48\":\"3\",\"anw_49\":\"1\",\"anw_50\":\"2\"}','{\"E\":23,\"A\":20,\"C\":20,\"N\":23,\"O\":16}','2017-03-21 07:41:55'),(6,2195,'{\"anw_1\":\"2\",\"anw_2\":\"5\",\"anw_3\":\"4\",\"anw_4\":\"4\",\"anw_5\":\"1\",\"anw_6\":\"1\",\"anw_7\":\"1\",\"anw_8\":\"2\",\"anw_9\":\"2\",\"anw_10\":\"4\",\"anw_11\":\"4\",\"anw_12\":\"1\",\"anw_13\":\"4\",\"anw_14\":\"4\",\"anw_15\":\"1\",\"anw_16\":\"4\",\"anw_17\":\"5\",\"anw_18\":\"1\",\"anw_19\":\"2\",\"anw_20\":\"1\",\"anw_21\":\"2\",\"anw_22\":\"3\",\"anw_23\":\"4\",\"anw_24\":\"1\",\"anw_25\":\"5\",\"anw_26\":\"4\",\"anw_27\":\"1\",\"anw_28\":\"4\",\"anw_29\":\"4\",\"anw_30\":\"5\",\"anw_31\":\"4\",\"anw_32\":\"1\",\"anw_33\":\"1\",\"anw_34\":\"4\",\"anw_35\":\"2\",\"anw_36\":\"4\",\"anw_37\":\"4\",\"anw_38\":\"4\",\"anw_39\":\"5\",\"anw_40\":\"1\",\"anw_41\":\"2\",\"anw_42\":\"2\",\"anw_43\":\"3\",\"anw_44\":\"4\",\"anw_45\":\"4\",\"anw_46\":\"4\",\"anw_47\":\"5\",\"anw_48\":\"5\",\"anw_49\":\"5\",\"anw_50\":\"5\"}','{\"E\":17,\"A\":22,\"C\":24,\"N\":11,\"O\":12}','2017-03-23 11:20:37'),(7,2229,'{\"anw_1\":\"3\",\"anw_2\":\"2\",\"anw_3\":\"2\",\"anw_4\":\"3\",\"anw_5\":\"2\",\"anw_6\":\"3\",\"anw_7\":\"3\",\"anw_8\":\"3\",\"anw_9\":\"2\",\"anw_10\":\"2\",\"anw_11\":\"2\",\"anw_12\":\"3\",\"anw_13\":\"3\",\"anw_14\":\"2\",\"anw_15\":\"3\",\"anw_16\":\"3\",\"anw_17\":\"1\",\"anw_18\":\"1\",\"anw_19\":\"3\",\"anw_20\":\"1\",\"anw_21\":\"3\",\"anw_22\":\"3\",\"anw_23\":\"2\",\"anw_24\":\"3\",\"anw_25\":\"1\",\"anw_26\":\"2\",\"anw_27\":\"1\",\"anw_28\":\"1\",\"anw_29\":\"2\",\"anw_30\":\"3\",\"anw_31\":\"2\",\"anw_32\":\"3\",\"anw_33\":\"3\",\"anw_34\":\"3\",\"anw_35\":\"1\",\"anw_36\":\"1\",\"anw_37\":\"3\",\"anw_38\":\"1\",\"anw_39\":\"3\",\"anw_40\":\"3\",\"anw_41\":\"3\",\"anw_42\":\"3\",\"anw_43\":\"3\",\"anw_44\":\"1\",\"anw_45\":\"1\",\"anw_46\":\"3\",\"anw_47\":\"3\",\"anw_48\":\"3\",\"anw_49\":\"1\",\"anw_50\":\"2\"}','{\"E\":21,\"A\":17,\"C\":24,\"N\":25,\"O\":13}','2017-03-30 19:42:02'),(8,2230,'{\"anw_1\":\"3\",\"anw_2\":\"2\",\"anw_3\":\"3\",\"anw_4\":\"2\",\"anw_5\":\"3\",\"anw_6\":\"3\",\"anw_7\":\"3\",\"anw_8\":\"2\",\"anw_9\":\"3\",\"anw_10\":\"3\",\"anw_11\":\"1\",\"anw_12\":\"1\",\"anw_13\":\"3\",\"anw_14\":\"1\",\"anw_15\":\"1\",\"anw_16\":\"1\",\"anw_17\":\"1\",\"anw_18\":\"1\",\"anw_19\":\"5\",\"anw_20\":\"5\",\"anw_21\":\"3\",\"anw_22\":\"1\",\"anw_23\":\"1\",\"anw_24\":\"1\",\"anw_25\":\"4\",\"anw_26\":\"1\",\"anw_27\":\"5\",\"anw_28\":\"1\",\"anw_29\":\"3\",\"anw_30\":\"5\",\"anw_31\":\"5\",\"anw_32\":\"1\",\"anw_33\":\"5\",\"anw_34\":\"5\",\"anw_35\":\"1\",\"anw_36\":\"3\",\"anw_37\":\"5\",\"anw_38\":\"3\",\"anw_39\":\"4\",\"anw_40\":\"3\",\"anw_41\":\"4\",\"anw_42\":\"3\",\"anw_43\":\"3\",\"anw_44\":\"1\",\"anw_45\":\"5\",\"anw_46\":\"1\",\"anw_47\":\"1\",\"anw_48\":\"4\",\"anw_49\":\"5\",\"anw_50\":\"5\"}','{\"E\":27,\"A\":27,\"C\":26,\"N\":24,\"O\":12}','2017-04-03 15:18:59'),(9,2233,'{\"anw_1\":\"3\",\"anw_2\":\"1\",\"anw_3\":\"3\",\"anw_4\":\"1\",\"anw_5\":\"2\",\"anw_6\":\"3\",\"anw_7\":\"1\",\"anw_8\":\"3\",\"anw_9\":\"1\",\"anw_10\":\"2\",\"anw_11\":\"2\",\"anw_12\":\"2\",\"anw_13\":\"3\",\"anw_14\":\"3\",\"anw_15\":\"2\",\"anw_16\":\"2\",\"anw_17\":\"2\",\"anw_18\":\"2\",\"anw_19\":\"3\",\"anw_20\":\"1\",\"anw_21\":\"1\",\"anw_22\":\"3\",\"anw_23\":\"3\",\"anw_24\":\"3\",\"anw_25\":\"3\",\"anw_26\":\"2\",\"anw_27\":\"1\",\"anw_28\":\"1\",\"anw_29\":\"3\",\"anw_30\":\"1\",\"anw_31\":\"1\",\"anw_32\":\"3\",\"anw_33\":\"3\",\"anw_34\":\"3\",\"anw_35\":\"1\",\"anw_36\":\"3\",\"anw_37\":\"2\",\"anw_38\":\"1\",\"anw_39\":\"3\",\"anw_40\":\"3\",\"anw_41\":\"3\",\"anw_42\":\"3\",\"anw_43\":\"3\",\"anw_44\":\"3\",\"anw_45\":\"1\",\"anw_46\":\"3\",\"anw_47\":\"3\",\"anw_48\":\"3\",\"anw_49\":\"2\",\"anw_50\":\"2\"}','{\"E\":17,\"A\":17,\"C\":25,\"N\":21,\"O\":16}','2017-04-15 17:07:21'),(10,2235,'{\"anw_1\":\"2\",\"anw_2\":\"2\",\"anw_3\":\"3\",\"anw_4\":\"3\",\"anw_5\":\"3\",\"anw_6\":\"3\",\"anw_7\":\"1\",\"anw_8\":\"3\",\"anw_9\":\"1\",\"anw_10\":\"1\",\"anw_11\":\"3\",\"anw_12\":\"1\",\"anw_13\":\"3\",\"anw_14\":\"1\",\"anw_15\":\"2\",\"anw_16\":\"1\",\"anw_17\":\"3\",\"anw_18\":\"1\",\"anw_19\":\"3\",\"anw_20\":\"1\",\"anw_21\":\"1\",\"anw_22\":\"2\",\"anw_23\":\"3\",\"anw_24\":\"3\",\"anw_25\":\"3\",\"anw_26\":\"2\",\"anw_27\":\"1\",\"anw_28\":\"3\",\"anw_29\":\"3\",\"anw_30\":\"3\",\"anw_31\":\"1\",\"anw_32\":\"2\",\"anw_33\":\"3\",\"anw_34\":\"1\",\"anw_35\":\"2\",\"anw_36\":\"1\",\"anw_37\":\"3\",\"anw_38\":\"1\",\"anw_39\":\"3\",\"anw_40\":\"3\",\"anw_41\":\"3\",\"anw_42\":\"3\",\"anw_43\":\"3\",\"anw_44\":\"3\",\"anw_45\":\"1\",\"anw_46\":\"3\",\"anw_47\":\"3\",\"anw_48\":\"2\",\"anw_49\":\"3\",\"anw_50\":\"3\"}','{\"E\":20,\"A\":21,\"C\":23,\"N\":22,\"O\":17}','2017-04-20 15:53:48'),(11,2236,'{\"anw_1\":\"2\",\"anw_2\":\"2\",\"anw_3\":\"2\",\"anw_4\":\"2\",\"anw_5\":\"3\",\"anw_6\":\"3\",\"anw_7\":\"3\",\"anw_8\":\"3\",\"anw_9\":\"3\",\"anw_10\":\"3\",\"anw_11\":\"1\",\"anw_12\":\"2\",\"anw_13\":\"3\",\"anw_14\":\"2\",\"anw_15\":\"3\",\"anw_16\":\"3\",\"anw_17\":\"2\",\"anw_18\":\"2\",\"anw_19\":\"3\",\"anw_20\":\"3\",\"anw_21\":\"2\",\"anw_22\":\"3\",\"anw_23\":\"3\",\"anw_24\":\"2\",\"anw_25\":\"3\",\"anw_26\":\"2\",\"anw_27\":\"2\",\"anw_28\":\"2\",\"anw_29\":\"3\",\"anw_30\":\"2\",\"anw_31\":\"2\",\"anw_32\":\"3\",\"anw_33\":\"3\",\"anw_34\":\"3\",\"anw_35\":\"3\",\"anw_36\":\"3\",\"anw_37\":\"2\",\"anw_38\":\"2\",\"anw_39\":\"3\",\"anw_40\":\"2\",\"anw_41\":\"2\",\"anw_42\":\"2\",\"anw_43\":\"2\",\"anw_44\":\"3\",\"anw_45\":\"3\",\"anw_46\":\"2\",\"anw_47\":\"3\",\"anw_48\":\"3\",\"anw_49\":\"3\",\"anw_50\":\"2\"}','{\"E\":16,\"A\":18,\"C\":21,\"N\":23,\"O\":17}','2017-04-25 20:11:29'),(12,2237,'{\"anw_1\":\"3\",\"anw_2\":\"3\",\"anw_3\":\"2\",\"anw_4\":\"3\",\"anw_5\":\"3\",\"anw_6\":\"3\",\"anw_7\":\"2\",\"anw_8\":\"2\",\"anw_9\":\"1\",\"anw_10\":\"1\",\"anw_11\":\"1\",\"anw_12\":\"3\",\"anw_13\":\"1\",\"anw_14\":\"2\",\"anw_15\":\"3\",\"anw_16\":\"3\",\"anw_17\":\"2\",\"anw_18\":\"2\",\"anw_19\":\"2\",\"anw_20\":\"3\",\"anw_21\":\"3\",\"anw_22\":\"1\",\"anw_23\":\"2\",\"anw_24\":\"2\",\"anw_25\":\"1\",\"anw_26\":\"2\",\"anw_27\":\"3\",\"anw_28\":\"2\",\"anw_29\":\"3\",\"anw_30\":\"3\",\"anw_31\":\"1\",\"anw_32\":\"3\",\"anw_33\":\"1\",\"anw_34\":\"2\",\"anw_35\":\"2\",\"anw_36\":\"2\",\"anw_37\":\"1\",\"anw_38\":\"3\",\"anw_39\":\"2\",\"anw_40\":\"1\",\"anw_41\":\"3\",\"anw_42\":\"1\",\"anw_43\":\"3\",\"anw_44\":\"3\",\"anw_45\":\"1\",\"anw_46\":\"1\",\"anw_47\":\"3\",\"anw_48\":\"3\",\"anw_49\":\"3\",\"anw_50\":\"3\"}','{\"E\":20,\"A\":16,\"C\":17,\"N\":21,\"O\":12}','2017-04-28 11:12:39'),(13,2239,'{\"anw_1\":\"3\",\"anw_2\":\"3\",\"anw_3\":\"3\",\"anw_4\":\"3\",\"anw_5\":\"3\",\"anw_6\":\"2\",\"anw_7\":\"2\",\"anw_8\":\"3\",\"anw_9\":\"3\",\"anw_10\":\"2\",\"anw_11\":\"2\",\"anw_12\":\"3\",\"anw_13\":\"2\",\"anw_14\":\"2\",\"anw_15\":\"2\",\"anw_16\":\"3\",\"anw_17\":\"1\",\"anw_18\":\"2\",\"anw_19\":\"3\",\"anw_20\":\"2\",\"anw_21\":\"2\",\"anw_22\":\"3\",\"anw_23\":\"2\",\"anw_24\":\"2\",\"anw_25\":\"1\",\"anw_26\":\"3\",\"anw_27\":\"3\",\"anw_28\":\"3\",\"anw_29\":\"2\",\"anw_30\":\"3\",\"anw_31\":\"2\",\"anw_32\":\"3\",\"anw_33\":\"2\",\"anw_34\":\"2\",\"anw_35\":\"1\",\"anw_36\":\"3\",\"anw_37\":\"1\",\"anw_38\":\"1\",\"anw_39\":\"3\",\"anw_40\":\"2\",\"anw_41\":\"2\",\"anw_42\":\"2\",\"anw_43\":\"2\",\"anw_44\":\"2\",\"anw_45\":\"1\",\"anw_46\":\"1\",\"anw_47\":\"2\",\"anw_48\":\"3\",\"anw_49\":\"1\",\"anw_50\":\"3\"}','{\"E\":19,\"A\":13,\"C\":19,\"N\":27,\"O\":11}','2017-05-08 16:34:09'),(14,2242,'{\"anw_1\":\"2\",\"anw_2\":\"3\",\"anw_3\":\"2\",\"anw_4\":\"3\",\"anw_5\":\"3\",\"anw_6\":\"3\",\"anw_7\":\"2\",\"anw_8\":\"2\",\"anw_9\":\"1\",\"anw_10\":\"2\",\"anw_11\":\"1\",\"anw_12\":\"2\",\"anw_13\":\"3\",\"anw_14\":\"3\",\"anw_15\":\"3\",\"anw_16\":\"3\",\"anw_17\":\"1\",\"anw_18\":\"2\",\"anw_19\":\"1\",\"anw_20\":\"3\",\"anw_21\":\"2\",\"anw_22\":\"2\",\"anw_23\":\"3\",\"anw_24\":\"3\",\"anw_25\":\"3\",\"anw_26\":\"1\",\"anw_27\":\"3\",\"anw_28\":\"3\",\"anw_29\":\"3\",\"anw_30\":\"3\",\"anw_31\":\"1\",\"anw_32\":\"3\",\"anw_33\":\"3\",\"anw_34\":\"2\",\"anw_35\":\"1\",\"anw_36\":\"2\",\"anw_37\":\"3\",\"anw_38\":\"3\",\"anw_39\":\"1\",\"anw_40\":\"2\",\"anw_41\":\"3\",\"anw_42\":\"2\",\"anw_43\":\"3\",\"anw_44\":\"3\",\"anw_45\":\"3\",\"anw_46\":\"3\",\"anw_47\":\"3\",\"anw_48\":\"3\",\"anw_49\":\"2\",\"anw_50\":\"3\"}','{\"E\":17,\"A\":18,\"C\":21,\"N\":20,\"O\":15}','2017-05-22 12:39:13'),(15,2251,'{\"anw_1\":\"2\",\"anw_2\":\"2\",\"anw_3\":\"3\",\"anw_4\":\"3\",\"anw_5\":\"3\",\"anw_6\":\"3\",\"anw_7\":\"2\",\"anw_8\":\"3\",\"anw_9\":\"2\",\"anw_10\":\"2\",\"anw_11\":\"1\",\"anw_12\":\"2\",\"anw_13\":\"3\",\"anw_14\":\"3\",\"anw_15\":\"3\",\"anw_16\":\"3\",\"anw_17\":\"1\",\"anw_18\":\"2\",\"anw_19\":\"1\",\"anw_20\":\"2\",\"anw_21\":\"3\",\"anw_22\":\"3\",\"anw_23\":\"2\",\"anw_24\":\"2\",\"anw_25\":\"3\",\"anw_26\":\"1\",\"anw_27\":\"2\",\"anw_28\":\"1\",\"anw_29\":\"3\",\"anw_30\":\"3\",\"anw_31\":\"1\",\"anw_32\":\"3\",\"anw_33\":\"3\",\"anw_34\":\"3\",\"anw_35\":\"3\",\"anw_36\":\"3\",\"anw_37\":\"2\",\"anw_38\":\"3\",\"anw_39\":\"3\",\"anw_40\":\"1\",\"anw_41\":\"2\",\"anw_42\":\"2\",\"anw_43\":\"3\",\"anw_44\":\"3\",\"anw_45\":\"3\",\"anw_46\":\"1\",\"anw_47\":\"3\",\"anw_48\":\"3\",\"anw_49\":\"3\",\"anw_50\":\"2\"}','{\"E\":18,\"A\":16,\"C\":22,\"N\":18,\"O\":17}','2017-12-09 09:09:31'),(16,2254,'{\"anw_1\":\"3\",\"anw_2\":\"2\",\"anw_3\":\"2\",\"anw_4\":\"3\",\"anw_5\":\"3\",\"anw_6\":\"1\",\"anw_7\":\"3\",\"anw_8\":\"3\",\"anw_9\":\"1\",\"anw_10\":\"3\",\"anw_11\":\"2\",\"anw_12\":\"3\",\"anw_13\":\"2\",\"anw_14\":\"3\",\"anw_15\":\"3\",\"anw_16\":\"3\",\"anw_17\":\"3\",\"anw_18\":\"3\",\"anw_19\":\"3\",\"anw_20\":\"3\",\"anw_21\":\"1\",\"anw_22\":\"3\",\"anw_23\":\"3\",\"anw_24\":\"2\",\"anw_25\":\"3\",\"anw_26\":\"1\",\"anw_27\":\"2\",\"anw_28\":\"2\",\"anw_29\":\"3\",\"anw_30\":\"3\",\"anw_31\":\"1\",\"anw_32\":\"2\",\"anw_33\":\"3\",\"anw_34\":\"2\",\"anw_35\":\"2\",\"anw_36\":\"2\",\"anw_37\":\"2\",\"anw_38\":\"2\",\"anw_39\":\"3\",\"anw_40\":\"2\",\"anw_41\":\"3\",\"anw_42\":\"1\",\"anw_43\":\"3\",\"anw_44\":\"3\",\"anw_45\":\"1\",\"anw_46\":\"1\",\"anw_47\":\"3\",\"anw_48\":\"2\",\"anw_49\":\"2\",\"anw_50\":\"3\"}','{\"E\":22,\"A\":18,\"C\":19,\"N\":21,\"O\":13}','2017-12-28 16:42:50'),(17,2256,'{\"anw_1\":\"2\",\"anw_2\":\"3\",\"anw_3\":\"3\",\"anw_4\":\"2\",\"anw_5\":\"2\",\"anw_6\":\"1\",\"anw_7\":\"1\",\"anw_8\":\"2\",\"anw_9\":\"2\",\"anw_10\":\"2\",\"anw_11\":\"3\",\"anw_12\":\"2\",\"anw_13\":\"2\",\"anw_14\":\"2\",\"anw_15\":\"1\",\"anw_16\":\"1\",\"anw_17\":\"4\",\"anw_18\":\"2\",\"anw_19\":\"2\",\"anw_20\":\"1\",\"anw_21\":\"1\",\"anw_22\":\"2\",\"anw_23\":\"3\",\"anw_24\":\"2\",\"anw_25\":\"3\",\"anw_26\":\"3\",\"anw_27\":\"2\",\"anw_28\":\"3\",\"anw_29\":\"3\",\"anw_30\":\"3\",\"anw_31\":\"3\",\"anw_32\":\"3\",\"anw_33\":\"3\",\"anw_34\":\"3\",\"anw_35\":\"3\",\"anw_36\":\"2\",\"anw_37\":\"2\",\"anw_38\":\"1\",\"anw_39\":\"1\",\"anw_40\":\"3\",\"anw_41\":\"2\",\"anw_42\":\"1\",\"anw_43\":\"1\",\"anw_44\":\"1\",\"anw_45\":\"1\",\"anw_46\":\"2\",\"anw_47\":\"1\",\"anw_48\":\"1\",\"anw_49\":\"1\",\"anw_50\":\"1\"}','{\"E\":22,\"A\":15,\"C\":19,\"N\":27,\"O\":15}','2018-02-04 15:10:03');
/*!40000 ALTER TABLE `student_personality_log` ENABLE KEYS */;
UNLOCK TABLES;

--
-- Table structure for table `tbl_branches`
--

DROP TABLE IF EXISTS `tbl_branches`;
/*!40101 SET @saved_cs_client     = @@character_set_client */;
/*!40101 SET character_set_client = utf8 */;
CREATE TABLE `tbl_branches` (
  `id` int(11) NOT NULL AUTO_INCREMENT,
  `title` varchar(100) NOT NULL,
  `stream_id` int(11) NOT NULL,
  PRIMARY KEY (`id`),
  KEY `stream_id` (`stream_id`),
  CONSTRAINT `tbl_stream_ibfk_1` FOREIGN KEY (`stream_id`) REFERENCES `tbl_streams` (`id`) ON DELETE CASCADE
) ENGINE=InnoDB AUTO_INCREMENT=49 DEFAULT CHARSET=latin1;
/*!40101 SET character_set_client = @saved_cs_client */;

--
-- Dumping data for table `tbl_branches`
--

LOCK TABLES `tbl_branches` WRITE;
/*!40000 ALTER TABLE `tbl_branches` DISABLE KEYS */;
INSERT INTO `tbl_branches` (`id`, `title`, `stream_id`) VALUES (1,'civils',1),(5,'cycology',1),(6,'accounts',1),(16,'sociology',1),(23,'biology',2),(24,'zoology',2),(25,'physics',2),(26,'chemistry',2),(27,'software',3),(28,'civil',3),(29,'mechanical',3),(30,'electrical & electronics',3),(31,'hotel',4),(32,'bank',4),(33,'company',4),(34,'social',5),(35,'NA',8),(36,'Economics',1),(37,'History',1),(38,'politics',1),(39,'mathematician',2),(41,'police',1),(42,'architecture',3),(43,'medical',2),(44,'law',1),(45,'pharmacy',2),(46,'doctor',2),(47,'chef',1),(48,'teacher',1);
/*!40000 ALTER TABLE `tbl_branches` ENABLE KEYS */;
UNLOCK TABLES;

--
-- Table structure for table `tbl_papers`
--

DROP TABLE IF EXISTS `tbl_papers`;
/*!40101 SET @saved_cs_client     = @@character_set_client */;
/*!40101 SET character_set_client = utf8 */;
CREATE TABLE `tbl_papers` (
  `id` int(11) NOT NULL AUTO_INCREMENT,
  `paper_name` varchar(50) NOT NULL,
  `created_on` datetime NOT NULL,
  `updated_on` timestamp NOT NULL DEFAULT CURRENT_TIMESTAMP ON UPDATE CURRENT_TIMESTAMP,
  `status` int(11) NOT NULL,
  PRIMARY KEY (`id`)
) ENGINE=InnoDB AUTO_INCREMENT=9 DEFAULT CHARSET=latin1;
/*!40101 SET character_set_client = @saved_cs_client */;

--
-- Dumping data for table `tbl_papers`
--

LOCK TABLES `tbl_papers` WRITE;
/*!40000 ALTER TABLE `tbl_papers` DISABLE KEYS */;
INSERT INTO `tbl_papers` (`id`, `paper_name`, `created_on`, `updated_on`, `status`) VALUES (8,'carrer aptitude test','2016-05-30 17:21:27','2016-05-30 11:51:27',0);
/*!40000 ALTER TABLE `tbl_papers` ENABLE KEYS */;
UNLOCK TABLES;

--
-- Table structure for table `tbl_questions`
--

DROP TABLE IF EXISTS `tbl_questions`;
/*!40101 SET @saved_cs_client     = @@character_set_client */;
/*!40101 SET character_set_client = utf8 */;
CREATE TABLE `tbl_questions` (
  `id` int(11) NOT NULL AUTO_INCREMENT,
  `question` text NOT NULL,
  `test_pid` int(11) NOT NULL,
  PRIMARY KEY (`id`),
  KEY `test_pid` (`test_pid`),
  CONSTRAINT `tbl_questions_ibfk_2` FOREIGN KEY (`test_pid`) REFERENCES `tbl_papers` (`id`) ON DELETE CASCADE
) ENGINE=InnoDB AUTO_INCREMENT=171 DEFAULT CHARSET=latin1;
/*!40101 SET character_set_client = @saved_cs_client */;

--
-- Dumping data for table `tbl_questions`
--

LOCK TABLES `tbl_questions` WRITE;
/*!40000 ALTER TABLE `tbl_questions` DISABLE KEYS */;
INSERT INTO `tbl_questions` (`id`, `question`, `test_pid`) VALUES (129,'i can understand logics and can easily solve problems',8),(130,'i can manage things with planning , proper use of time and resources',8),(131,'i like interaction with others , has the ability to train and can advise',8),(132,'it is easy working with mechanical tools and equipment',8),(133,'i have good communication while listening , speaking , and working with others',8),(134,'i have clear judgments while making decisions',8),(135,'i can pay attention and focus on the problem at hand',8),(136,'i enjoy working the new ideas and i have creative thoughts',8),(137,'i am physically fit and have strength. i am quick and lively',8),(138,'about my eyesight and hearing',8),(139,'i like arts - painting,drawing and sculpture',8),(140,'i understand business techniques - economics, finance , marketing',8),(141,'i understand courts and justice easily',8),(142,'i like computers and programming and more interest on information technology',8),(143,'keen about science subjects and maths ,physics and technology',8),(144,'Easy to understand medical subjects - animal and plant study',8),(145,'i like cooking and can prepare foods and drinks',8),(146,'construction is understandable, interested to work with hands strength',8),(147,'i think a lot about working in an office environment',8),(148,'working outdoor is a fun and gives satisfaction',8),(149,'I keep much attention , carefull about details and though in completing work tasks',8),(150,'i am really honest and fair',8),(151,'i can take on responsibilities and challanges from the front',8),(152,'Friends depend on me as i am reliable, responsible,and dependable',8),(153,'i will not give up anything in the face of any difficulty',8),(154,'i am comperative,pleasant and display a good-nature with others',8),(155,'i make challenging goals and apply efforts towards achieving them',8),(156,'i am ready to  change(positive or negative) and can show change in the work',8),(157,'i am willing to lead , take charge , and can easily offer opinions and direction',8),(158,'i can evaluate information and can address issues and problems with logic',8),(159,'i can complete the tasks with little or no surpervision',8),(160,'i can easily accept my mistakes and criticism and can remain calm in fighting',8),(161,'i use creativity and thoughts to develop new ideas',8),(162,'i keep emotions and can control anger , also can avoid aggressive behavior',8),(163,'i am concerned for others , sensitive about their needs and feelings',8),(164,'i can not do any work alone , i rather perform well in a group',8),(165,'i am a good supporter from backside of a team',8),(166,'i like standard secured jobs and good atmosphere while working',8),(167,'i like results oriented projetcs with a good team support',8),(168,'jobs should be independent and should allow us to work on our own',8),(169,'i want leadership roles with recognition,related to work achievement',8),(170,'relationships are to be maintained rather than the promotions,friendly with colleagues',8);
/*!40000 ALTER TABLE `tbl_questions` ENABLE KEYS */;
UNLOCK TABLES;

--
-- Table structure for table `tbl_res_branch`
--

DROP TABLE IF EXISTS `tbl_res_branch`;
/*!40101 SET @saved_cs_client     = @@character_set_client */;
/*!40101 SET character_set_client = utf8 */;
CREATE TABLE `tbl_res_branch` (
  `ques_id` int(11) NOT NULL,
  `branch_option` enum('a','b','c','d','e') NOT NULL,
  `branch_id` int(11) NOT NULL,
  `updated_date` timestamp NOT NULL DEFAULT CURRENT_TIMESTAMP ON UPDATE CURRENT_TIMESTAMP,
  KEY `branch_id` (`branch_id`),
  KEY `ques_id` (`ques_id`),
  CONSTRAINT `tbl_res_branch_ibfk_1` FOREIGN KEY (`ques_id`) REFERENCES `tbl_questions` (`id`) ON UPDATE CASCADE,
  CONSTRAINT `tbl_res_branch_ibfk_2` FOREIGN KEY (`branch_id`) REFERENCES `tbl_branches` (`id`) ON UPDATE CASCADE
) ENGINE=InnoDB DEFAULT CHARSET=latin1;
/*!40101 SET character_set_client = @saved_cs_client */;

--
-- Dumping data for table `tbl_res_branch`
--

LOCK TABLES `tbl_res_branch` WRITE;
/*!40000 ALTER TABLE `tbl_res_branch` DISABLE KEYS */;
INSERT INTO `tbl_res_branch` (`ques_id`, `branch_option`, `branch_id`, `updated_date`) VALUES (129,'a',16,'2016-12-21 11:35:47'),(129,'a',36,'2016-12-21 11:35:47'),(129,'a',37,'2016-12-21 11:35:47'),(129,'b',16,'2016-12-21 11:35:47'),(129,'b',36,'2016-12-21 11:35:47'),(129,'b',37,'2016-12-21 11:35:47'),(129,'c',35,'2016-12-21 11:35:47'),(129,'d',1,'2016-12-21 11:35:47'),(129,'d',29,'2016-12-21 11:35:47'),(129,'e',1,'2016-12-21 11:35:47'),(129,'e',29,'2016-12-21 11:35:47'),(130,'a',35,'2016-12-21 11:35:47'),(130,'b',35,'2016-12-21 11:35:47'),(130,'c',35,'2016-12-21 11:35:47'),(130,'d',35,'2016-12-21 11:35:47'),(130,'e',35,'2016-12-21 11:35:47'),(131,'a',35,'2016-12-21 11:35:47'),(131,'b',27,'2016-12-21 11:35:47'),(131,'c',35,'2016-12-21 11:35:47'),(131,'d',35,'2016-12-21 11:35:47'),(131,'e',16,'2016-12-21 11:35:47'),(131,'e',38,'2016-12-21 11:35:47'),(132,'a',35,'2016-12-21 11:35:47'),(132,'b',35,'2016-12-21 11:35:47'),(132,'c',35,'2016-12-21 11:35:47'),(132,'d',30,'2016-12-21 11:35:47'),(132,'e',1,'2016-12-21 11:35:47'),(132,'e',29,'2016-12-21 11:35:47'),(133,'a',35,'2016-12-21 11:35:47'),(133,'b',35,'2016-12-21 11:35:47'),(133,'c',35,'2016-12-21 11:35:47'),(133,'d',35,'2016-12-21 11:35:47'),(133,'e',35,'2016-12-21 11:35:47'),(134,'a',16,'2016-12-21 11:35:47'),(134,'b',35,'2016-12-21 11:35:47'),(134,'c',35,'2016-12-21 11:35:47'),(134,'d',35,'2016-12-21 11:35:47'),(134,'e',35,'2016-12-21 11:35:47'),(135,'a',35,'2016-12-21 11:35:47'),(135,'b',35,'2016-12-21 11:35:47'),(135,'c',35,'2016-12-21 11:35:47'),(135,'d',35,'2016-12-21 11:35:47'),(135,'e',39,'2016-12-21 11:35:47'),(136,'a',39,'2016-12-21 11:35:47'),(136,'b',35,'2016-12-21 11:35:47'),(136,'c',35,'2016-12-21 11:35:47'),(136,'d',35,'2016-12-21 11:35:47'),(136,'e',35,'2016-12-21 11:35:47'),(137,'a',35,'2016-12-21 11:35:47'),(137,'b',27,'2016-12-21 11:35:47'),(137,'c',35,'2016-12-21 11:35:47'),(137,'d',41,'2016-12-21 11:35:47'),(137,'e',35,'2016-12-21 11:35:47'),(138,'a',35,'2016-12-21 11:35:47'),(138,'b',27,'2016-12-21 11:35:47'),(138,'c',35,'2016-12-21 11:35:47'),(138,'d',41,'2016-12-21 11:35:47'),(138,'e',35,'2016-12-21 11:35:47'),(139,'a',35,'2016-12-21 11:35:47'),(139,'b',43,'2016-12-21 11:35:47'),(139,'c',35,'2016-12-21 11:35:47'),(139,'d',42,'2016-12-21 11:35:47'),(139,'e',35,'2016-12-21 11:35:47'),(140,'a',35,'2016-12-21 11:35:47'),(140,'b',35,'2016-12-21 11:35:47'),(140,'c',35,'2016-12-21 11:35:47'),(140,'d',35,'2016-12-21 11:35:47'),(140,'e',35,'2016-12-21 11:35:47'),(141,'a',35,'2016-12-21 11:35:47'),(141,'b',35,'2016-12-21 11:35:47'),(141,'c',35,'2016-12-21 11:35:47'),(141,'d',35,'2016-12-21 11:35:47'),(141,'e',44,'2016-12-21 11:35:47'),(142,'a',35,'2016-12-21 11:35:47'),(142,'b',35,'2016-12-21 11:35:47'),(142,'c',35,'2016-12-21 11:35:47'),(142,'d',30,'2016-12-21 11:35:47'),(142,'e',27,'2016-12-21 11:35:47'),(143,'a',35,'2016-12-21 11:35:47'),(143,'b',35,'2016-12-21 11:35:47'),(143,'c',35,'2016-12-21 11:35:47'),(143,'d',39,'2016-12-21 11:35:47'),(143,'e',35,'2016-12-21 11:35:47'),(144,'a',35,'2016-12-21 11:35:47'),(144,'b',45,'2016-12-21 11:35:47'),(144,'c',35,'2016-12-21 11:35:47'),(144,'d',24,'2016-12-21 11:35:47'),(144,'e',46,'2016-12-21 11:35:47'),(145,'a',35,'2016-12-21 11:35:47'),(145,'b',35,'2016-12-21 11:35:47'),(145,'c',35,'2016-12-21 11:35:47'),(145,'d',47,'2016-12-21 11:35:47'),(145,'e',31,'2016-12-21 11:35:47'),(146,'a',35,'2016-12-21 11:35:47'),(146,'b',35,'2016-12-21 11:35:47'),(146,'c',35,'2016-12-21 11:35:47'),(146,'d',42,'2016-12-21 11:35:47'),(146,'e',1,'2016-12-21 11:35:47'),(147,'a',35,'2016-12-21 11:35:47'),(147,'b',41,'2016-12-21 11:35:47'),(147,'c',35,'2016-12-21 11:35:47'),(147,'d',35,'2016-12-21 11:35:47'),(147,'e',27,'2016-12-21 11:35:47'),(148,'a',27,'2016-12-21 11:35:47'),(148,'b',35,'2016-12-21 11:35:47'),(148,'c',35,'2016-12-21 11:35:47'),(148,'d',41,'2016-12-21 11:35:47'),(148,'e',35,'2016-12-21 11:35:47'),(149,'a',35,'2016-12-21 11:35:47'),(149,'b',35,'2016-12-21 11:35:47'),(149,'c',35,'2016-12-21 11:35:47'),(149,'d',35,'2016-12-21 11:35:47'),(149,'e',39,'2016-12-21 11:35:47'),(150,'a',44,'2016-12-21 11:35:47'),(150,'b',38,'2016-12-21 11:35:47'),(150,'c',35,'2016-12-21 11:35:47'),(150,'d',35,'2016-12-21 11:35:47'),(150,'e',1,'2016-12-21 11:35:47'),(151,'a',35,'2016-12-21 11:35:47'),(151,'b',35,'2016-12-21 11:35:47'),(151,'c',35,'2016-12-21 11:35:47'),(151,'d',35,'2016-12-21 11:35:47'),(151,'e',35,'2016-12-21 11:35:47'),(152,'a',35,'2016-12-21 11:35:47'),(152,'b',35,'2016-12-21 11:35:47'),(152,'c',35,'2016-12-21 11:35:47'),(152,'d',35,'2016-12-21 11:35:47'),(152,'e',35,'2016-12-21 11:35:47'),(153,'a',48,'2016-12-21 11:35:47'),(153,'b',16,'2016-12-21 11:35:47'),(153,'c',35,'2016-12-21 11:35:47'),(153,'d',1,'2016-12-21 11:35:47'),(153,'e',35,'2016-12-21 11:35:47'),(154,'a',44,'2016-12-21 11:35:47'),(154,'b',41,'2016-12-21 11:35:47'),(154,'c',35,'2016-12-21 11:35:47'),(154,'d',34,'2016-12-21 11:35:47'),(154,'e',35,'2016-12-21 11:35:47'),(155,'a',35,'2016-12-21 11:35:47'),(155,'b',35,'2016-12-21 11:35:47'),(155,'c',35,'2016-12-21 11:35:47'),(155,'d',35,'2016-12-21 11:35:47'),(155,'e',1,'2016-12-21 11:35:47'),(156,'a',35,'2016-12-21 11:35:47'),(156,'b',35,'2016-12-21 11:35:47'),(156,'c',35,'2016-12-21 11:35:47'),(156,'d',35,'2016-12-21 11:35:47'),(156,'e',35,'2016-12-21 11:35:47'),(157,'a',35,'2016-12-21 11:35:47'),(157,'b',35,'2016-12-21 11:35:47'),(157,'c',35,'2016-12-21 11:35:47'),(157,'d',35,'2016-12-21 11:35:47'),(157,'e',35,'2016-12-21 11:35:47'),(158,'a',35,'2016-12-21 11:35:47'),(158,'b',35,'2016-12-21 11:35:47'),(158,'c',35,'2016-12-21 11:35:47'),(158,'d',35,'2016-12-21 11:35:47'),(158,'e',35,'2016-12-21 11:35:47'),(159,'a',35,'2016-12-21 11:35:47'),(159,'b',35,'2016-12-21 11:35:47'),(159,'c',35,'2016-12-21 11:35:47'),(159,'d',35,'2016-12-21 11:35:47'),(159,'e',35,'2016-12-21 11:35:47'),(160,'a',35,'2016-12-21 11:35:47'),(160,'b',41,'2016-12-21 11:35:47'),(160,'c',35,'2016-12-21 11:35:47'),(160,'d',35,'2016-12-21 11:35:47'),(160,'e',27,'2016-12-21 11:35:47'),(161,'a',48,'2016-12-21 11:35:47'),(161,'b',34,'2016-12-21 11:35:47'),(161,'c',35,'2016-12-21 11:35:47'),(161,'d',39,'2016-12-21 11:35:47'),(161,'e',35,'2016-12-21 11:35:47'),(162,'a',35,'2016-12-21 11:35:47'),(162,'b',41,'2016-12-21 11:35:47'),(162,'c',35,'2016-12-21 11:35:47'),(162,'d',35,'2016-12-21 11:35:47'),(162,'e',1,'2016-12-21 11:35:47'),(163,'a',35,'2016-12-21 11:35:47'),(163,'b',35,'2016-12-21 11:35:47'),(163,'c',35,'2016-12-21 11:35:47'),(163,'d',46,'2016-12-21 11:35:47'),(163,'e',5,'2016-12-21 11:35:47'),(164,'a',35,'2016-12-21 11:35:47'),(164,'b',35,'2016-12-21 11:35:47'),(164,'c',35,'2016-12-21 11:35:47'),(164,'d',27,'2016-12-21 11:35:47'),(164,'e',16,'2016-12-21 11:35:47'),(165,'a',39,'2016-12-21 11:35:47'),(165,'b',35,'2016-12-21 11:35:47'),(165,'c',35,'2016-12-21 11:35:47'),(165,'d',35,'2016-12-21 11:35:47'),(165,'e',39,'2016-12-21 11:35:47'),(166,'a',35,'2016-12-21 11:35:47'),(166,'b',41,'2016-12-21 11:35:47'),(166,'c',35,'2016-12-21 11:35:47'),(166,'d',35,'2016-12-21 11:35:47'),(166,'e',27,'2016-12-21 11:35:47'),(167,'a',43,'2016-12-21 11:35:47'),(167,'a',46,'2016-12-21 11:35:47'),(167,'b',39,'2016-12-21 11:35:47'),(167,'c',35,'2016-12-21 11:35:47'),(167,'d',35,'2016-12-21 11:35:47'),(167,'e',35,'2016-12-21 11:35:47'),(168,'a',34,'2016-12-21 11:35:47'),(168,'b',1,'2016-12-21 11:35:47'),(168,'c',35,'2016-12-21 11:35:47'),(168,'d',35,'2016-12-21 11:35:47'),(168,'e',35,'2016-12-21 11:35:47'),(169,'a',34,'2016-12-21 11:35:47'),(169,'b',48,'2016-12-21 11:35:47'),(169,'c',35,'2016-12-21 11:35:47'),(169,'d',35,'2016-12-21 11:35:47'),(169,'e',35,'2016-12-21 11:35:47'),(170,'a',34,'2016-12-21 11:35:47'),(170,'b',35,'2016-12-21 11:35:47'),(170,'c',35,'2016-12-21 11:35:47'),(170,'d',35,'2016-12-21 11:35:47'),(170,'e',35,'2016-12-21 11:35:47');
/*!40000 ALTER TABLE `tbl_res_branch` ENABLE KEYS */;
UNLOCK TABLES;

--
-- Table structure for table `tbl_res_stream`
--

DROP TABLE IF EXISTS `tbl_res_stream`;
/*!40101 SET @saved_cs_client     = @@character_set_client */;
/*!40101 SET character_set_client = utf8 */;
CREATE TABLE `tbl_res_stream` (
  `ques_id` int(11) NOT NULL,
  `stream_option` enum('a','b','c','d','e') CHARACTER SET latin1 NOT NULL,
  `stream_id` int(11) NOT NULL,
  `updated_date` timestamp NOT NULL DEFAULT CURRENT_TIMESTAMP ON UPDATE CURRENT_TIMESTAMP,
  KEY `stream_id` (`stream_id`),
  KEY `ques_id` (`ques_id`),
  CONSTRAINT `tbl_res_stream_ibfk_1` FOREIGN KEY (`stream_id`) REFERENCES `tbl_streams` (`id`) ON UPDATE CASCADE,
  CONSTRAINT `tbl_res_stream_ibfk_2` FOREIGN KEY (`ques_id`) REFERENCES `tbl_questions` (`id`) ON UPDATE CASCADE
) ENGINE=InnoDB DEFAULT CHARSET=utf8;
/*!40101 SET character_set_client = @saved_cs_client */;

--
-- Dumping data for table `tbl_res_stream`
--

LOCK TABLES `tbl_res_stream` WRITE;
/*!40000 ALTER TABLE `tbl_res_stream` DISABLE KEYS */;
INSERT INTO `tbl_res_stream` (`ques_id`, `stream_option`, `stream_id`, `updated_date`) VALUES (129,'a',1,'2016-12-21 11:35:19'),(129,'b',1,'2016-12-21 11:35:19'),(129,'c',8,'2016-12-21 11:35:19'),(129,'d',3,'2016-12-21 11:35:19'),(129,'e',3,'2016-12-21 11:35:19'),(130,'a',1,'2016-12-21 11:35:19'),(130,'b',1,'2016-12-21 11:35:19'),(130,'c',8,'2016-12-21 11:35:19'),(130,'d',3,'2016-12-21 11:35:19'),(130,'e',4,'2016-12-21 11:35:19'),(131,'a',1,'2016-12-21 11:35:19'),(131,'b',3,'2016-12-21 11:35:19'),(131,'c',8,'2016-12-21 11:35:19'),(131,'d',4,'2016-12-21 11:35:19'),(131,'e',1,'2016-12-21 11:35:19'),(132,'a',1,'2016-12-21 11:35:19'),(132,'b',1,'2016-12-21 11:35:19'),(132,'c',8,'2016-12-21 11:35:19'),(132,'d',3,'2016-12-21 11:35:19'),(132,'e',3,'2016-12-21 11:35:19'),(133,'a',1,'2016-12-21 11:35:19'),(133,'b',3,'2016-12-21 11:35:19'),(133,'c',8,'2016-12-21 11:35:19'),(133,'d',5,'2016-12-21 11:35:19'),(133,'e',4,'2016-12-21 11:35:19'),(134,'a',1,'2016-12-21 11:35:19'),(134,'b',3,'2016-12-21 11:35:19'),(134,'c',8,'2016-12-21 11:35:19'),(134,'d',5,'2016-12-21 11:35:19'),(134,'e',4,'2016-12-21 11:35:19'),(135,'a',1,'2016-12-21 11:35:19'),(135,'b',1,'2016-12-21 11:35:19'),(135,'c',8,'2016-12-21 11:35:19'),(135,'d',2,'2016-12-21 11:35:19'),(135,'e',2,'2016-12-21 11:35:19'),(136,'a',2,'2016-12-21 11:35:19'),(136,'b',2,'2016-12-21 11:35:19'),(136,'c',8,'2016-12-21 11:35:19'),(136,'d',1,'2016-12-21 11:35:19'),(136,'e',5,'2016-12-21 11:35:19'),(137,'a',1,'2016-12-21 11:35:19'),(137,'b',3,'2016-12-21 11:35:19'),(137,'c',8,'2016-12-21 11:35:19'),(137,'d',1,'2016-12-21 11:35:19'),(137,'e',6,'2016-12-21 11:35:19'),(138,'a',1,'2016-12-21 11:35:19'),(138,'b',3,'2016-12-21 11:35:19'),(138,'c',8,'2016-12-21 11:35:19'),(138,'d',1,'2016-12-21 11:35:19'),(138,'e',6,'2016-12-21 11:35:19'),(139,'a',4,'2016-12-21 11:35:19'),(139,'b',2,'2016-12-21 11:35:19'),(139,'c',8,'2016-12-21 11:35:19'),(139,'d',3,'2016-12-21 11:35:19'),(139,'e',1,'2016-12-21 11:35:19'),(140,'a',2,'2016-12-21 11:35:19'),(140,'b',3,'2016-12-21 11:35:19'),(140,'c',8,'2016-12-21 11:35:19'),(140,'d',5,'2016-12-21 11:35:19'),(140,'e',4,'2016-12-21 11:35:19'),(141,'a',5,'2016-12-21 11:35:19'),(141,'b',1,'2016-12-21 11:35:19'),(141,'c',8,'2016-12-21 11:35:19'),(141,'d',4,'2016-12-21 11:35:19'),(141,'e',1,'2016-12-21 11:35:19'),(142,'a',1,'2016-12-21 11:35:19'),(142,'b',2,'2016-12-21 11:35:19'),(142,'c',8,'2016-12-21 11:35:19'),(142,'d',3,'2016-12-21 11:35:19'),(142,'e',3,'2016-12-21 11:35:19'),(143,'a',1,'2016-12-21 11:35:19'),(143,'b',2,'2016-12-21 11:35:19'),(143,'c',8,'2016-12-21 11:35:19'),(143,'d',2,'2016-12-21 11:35:19'),(143,'e',3,'2016-12-21 11:35:19'),(144,'a',3,'2016-12-21 11:35:19'),(144,'b',2,'2016-12-21 11:35:19'),(144,'c',8,'2016-12-21 11:35:19'),(144,'d',2,'2016-12-21 11:35:19'),(144,'e',2,'2016-12-21 11:35:19'),(145,'a',3,'2016-12-21 11:35:19'),(145,'b',2,'2016-12-21 11:35:19'),(145,'c',8,'2016-12-21 11:35:19'),(145,'d',1,'2016-12-21 11:35:19'),(145,'e',4,'2016-12-21 11:35:19'),(146,'a',1,'2016-12-21 11:35:19'),(146,'b',2,'2016-12-21 11:35:19'),(146,'c',8,'2016-12-21 11:35:19'),(146,'d',3,'2016-12-21 11:35:19'),(146,'e',3,'2016-12-21 11:35:19'),(147,'a',6,'2016-12-21 11:35:19'),(147,'b',1,'2016-12-21 11:35:19'),(147,'c',8,'2016-12-21 11:35:19'),(147,'d',1,'2016-12-21 11:35:19'),(147,'e',3,'2016-12-21 11:35:19'),(148,'a',3,'2016-12-21 11:35:19'),(148,'b',1,'2016-12-21 11:35:19'),(148,'c',8,'2016-12-21 11:35:19'),(148,'d',1,'2016-12-21 11:35:19'),(148,'e',6,'2016-12-21 11:35:19'),(149,'a',1,'2016-12-21 11:35:19'),(149,'b',1,'2016-12-21 11:35:19'),(149,'c',8,'2016-12-21 11:35:19'),(149,'d',2,'2016-12-21 11:35:19'),(149,'e',2,'2016-12-21 11:35:19'),(150,'a',1,'2016-12-21 11:35:19'),(150,'b',1,'2016-12-21 11:35:19'),(150,'c',8,'2016-12-21 11:35:19'),(150,'d',6,'2016-12-21 11:35:19'),(150,'e',1,'2016-12-21 11:35:19'),(151,'a',2,'2016-12-21 11:35:19'),(151,'b',1,'2016-12-21 11:35:19'),(151,'c',8,'2016-12-21 11:35:19'),(151,'d',4,'2016-12-21 11:35:19'),(151,'e',5,'2016-12-21 11:35:19'),(152,'a',2,'2016-12-21 11:35:19'),(152,'b',1,'2016-12-21 11:35:19'),(152,'c',8,'2016-12-21 11:35:19'),(152,'d',5,'2016-12-21 11:35:19'),(152,'e',4,'2016-12-21 11:35:19'),(153,'a',1,'2016-12-21 11:35:19'),(153,'b',1,'2016-12-21 11:35:19'),(153,'c',8,'2016-12-21 11:35:19'),(153,'d',1,'2016-12-21 11:35:19'),(153,'e',6,'2016-12-21 11:35:19'),(154,'a',1,'2016-12-21 11:35:19'),(154,'b',1,'2016-12-21 11:35:19'),(154,'c',8,'2016-12-21 11:35:19'),(154,'d',1,'2016-12-21 11:35:19'),(154,'e',4,'2016-12-21 11:35:19'),(155,'a',3,'2016-12-21 11:35:19'),(155,'b',4,'2016-12-21 11:35:19'),(155,'c',8,'2016-12-21 11:35:19'),(155,'d',6,'2016-12-21 11:35:19'),(155,'e',1,'2016-12-21 11:35:19'),(156,'a',1,'2016-12-21 11:35:19'),(156,'b',3,'2016-12-21 11:35:19'),(156,'c',8,'2016-12-21 11:35:19'),(156,'d',5,'2016-12-21 11:35:19'),(156,'e',4,'2016-12-21 11:35:19'),(157,'a',1,'2016-12-21 11:35:19'),(157,'b',3,'2016-12-21 11:35:19'),(157,'c',8,'2016-12-21 11:35:19'),(157,'d',4,'2016-12-21 11:35:19'),(157,'e',5,'2016-12-21 11:35:19'),(158,'a',1,'2016-12-21 11:35:19'),(158,'b',3,'2016-12-21 11:35:19'),(158,'c',8,'2016-12-21 11:35:19'),(158,'d',4,'2016-12-21 11:35:19'),(158,'e',5,'2016-12-21 11:35:19'),(159,'a',1,'2016-12-21 11:35:19'),(159,'b',3,'2016-12-21 11:35:19'),(159,'c',8,'2016-12-21 11:35:19'),(159,'d',5,'2016-12-21 11:35:19'),(159,'e',4,'2016-12-21 11:35:19'),(160,'a',6,'2016-12-21 11:35:19'),(160,'b',1,'2016-12-21 11:35:19'),(160,'c',8,'2016-12-21 11:35:19'),(160,'d',4,'2016-12-21 11:35:19'),(160,'e',3,'2016-12-21 11:35:19'),(161,'a',1,'2016-12-21 11:35:19'),(161,'b',1,'2016-12-21 11:35:19'),(161,'c',8,'2016-12-21 11:35:19'),(161,'d',2,'2016-12-21 11:35:19'),(161,'e',2,'2016-12-21 11:35:19'),(162,'a',6,'2016-12-21 11:35:19'),(162,'b',1,'2016-12-21 11:35:19'),(162,'c',8,'2016-12-21 11:35:19'),(162,'d',4,'2016-12-21 11:35:19'),(162,'e',1,'2016-12-21 11:35:19'),(163,'a',3,'2016-12-21 11:35:19'),(163,'b',1,'2016-12-21 11:35:19'),(163,'c',8,'2016-12-21 11:35:19'),(163,'d',2,'2016-12-21 11:35:19'),(163,'e',2,'2016-12-21 11:35:19'),(164,'a',5,'2016-12-21 11:35:19'),(164,'b',4,'2016-12-21 11:35:19'),(164,'c',8,'2016-12-21 11:35:19'),(164,'d',3,'2016-12-21 11:35:19'),(164,'e',1,'2016-12-21 11:35:19'),(165,'a',2,'2016-12-21 11:35:19'),(165,'b',2,'2016-12-21 11:35:19'),(165,'c',8,'2016-12-21 11:35:19'),(165,'d',3,'2016-12-21 11:35:19'),(165,'e',2,'2016-12-21 11:35:19'),(166,'a',5,'2016-12-21 11:35:19'),(166,'b',1,'2016-12-21 11:35:19'),(166,'c',8,'2016-12-21 11:35:19'),(166,'d',4,'2016-12-21 11:35:19'),(166,'e',3,'2016-12-21 11:35:19'),(167,'a',2,'2016-12-21 11:35:19'),(167,'b',2,'2016-12-21 11:35:19'),(167,'c',8,'2016-12-21 11:35:19'),(167,'d',4,'2016-12-21 11:35:19'),(167,'e',5,'2016-12-21 11:35:19'),(168,'a',1,'2016-12-21 11:35:19'),(168,'b',1,'2016-12-21 11:35:19'),(168,'c',8,'2016-12-21 11:35:19'),(168,'d',4,'2016-12-21 11:35:19'),(168,'e',5,'2016-12-21 11:35:19'),(169,'a',1,'2016-12-21 11:35:19'),(169,'b',1,'2016-12-21 11:35:19'),(169,'c',8,'2016-12-21 11:35:19'),(169,'d',5,'2016-12-21 11:35:19'),(169,'e',4,'2016-12-21 11:35:19'),(170,'a',1,'2016-12-21 11:35:19'),(170,'b',4,'2016-12-21 11:35:19'),(170,'c',8,'2016-12-21 11:35:19'),(170,'d',5,'2016-12-21 11:35:19'),(170,'e',4,'2016-12-21 11:35:19');
/*!40000 ALTER TABLE `tbl_res_stream` ENABLE KEYS */;
UNLOCK TABLES;

--
-- Table structure for table `tbl_streams`
--

DROP TABLE IF EXISTS `tbl_streams`;
/*!40101 SET @saved_cs_client     = @@character_set_client */;
/*!40101 SET character_set_client = utf8 */;
CREATE TABLE `tbl_streams` (
  `id` int(11) NOT NULL AUTO_INCREMENT,
  `title` varchar(200) CHARACTER SET latin1 NOT NULL,
  `created_on` datetime NOT NULL,
  `updated_on` timestamp NOT NULL DEFAULT CURRENT_TIMESTAMP ON UPDATE CURRENT_TIMESTAMP,
  `status` int(11) NOT NULL,
  PRIMARY KEY (`id`)
) ENGINE=InnoDB AUTO_INCREMENT=9 DEFAULT CHARSET=utf8;
/*!40101 SET character_set_client = @saved_cs_client */;

--
-- Dumping data for table `tbl_streams`
--

LOCK TABLES `tbl_streams` WRITE;
/*!40000 ALTER TABLE `tbl_streams` DISABLE KEYS */;
INSERT INTO `tbl_streams` (`id`, `title`, `created_on`, `updated_on`, `status`) VALUES (1,'Artistic','0000-00-00 00:00:00','2017-03-23 06:26:18',0),(2,'science','0000-00-00 00:00:00','2016-04-21 09:37:52',0),(3,'engineering','0000-00-00 00:00:00','2016-04-21 09:37:52',0),(4,'management','0000-00-00 00:00:00','2016-04-21 09:37:52',0),(5,'Enterprising','0000-00-00 00:00:00','2017-03-23 06:25:24',0),(6,'investigative','0000-00-00 00:00:00','2017-03-23 06:25:04',0),(8,'Conventional','2016-05-30 11:16:56','2017-03-23 06:27:09',0);
/*!40000 ALTER TABLE `tbl_streams` ENABLE KEYS */;
UNLOCK TABLES;

--
-- Table structure for table `test_stages`
--

DROP TABLE IF EXISTS `test_stages`;
/*!40101 SET @saved_cs_client     = @@character_set_client */;
/*!40101 SET character_set_client = utf8 */;
CREATE TABLE `test_stages` (
  `id` int(11) NOT NULL AUTO_INCREMENT,
  `uid` int(11) unsigned NOT NULL,
  `profile_completion` int(11) NOT NULL,
  `aptitude_test` tinyint(1) NOT NULL DEFAULT '0',
  `personality_test` tinyint(1) NOT NULL DEFAULT '0',
  `invoice` tinyint(1) NOT NULL DEFAULT '0',
  `counseling` tinyint(1) NOT NULL DEFAULT '0',
  PRIMARY KEY (`id`),
  UNIQUE KEY `uid` (`uid`),
  CONSTRAINT `test_stages_ibfk_1` FOREIGN KEY (`uid`) REFERENCES `users` (`id`) ON DELETE CASCADE
) ENGINE=InnoDB AUTO_INCREMENT=59 DEFAULT CHARSET=utf8;
/*!40101 SET character_set_client = @saved_cs_client */;

--
-- Dumping data for table `test_stages`
--

LOCK TABLES `test_stages` WRITE;
/*!40000 ALTER TABLE `test_stages` DISABLE KEYS */;
INSERT INTO `test_stages` (`id`, `uid`, `profile_completion`, `aptitude_test`, `personality_test`, `invoice`, `counseling`) VALUES (1,2195,1,1,1,1,0),(2,2199,1,1,0,0,0),(6,2215,1,1,0,0,0),(7,2194,1,0,0,0,0),(8,2198,1,0,0,0,0),(9,1196,1,1,1,1,0),(10,2216,1,0,0,0,0),(11,2217,1,1,0,0,0),(12,2218,1,0,0,0,0),(13,2192,1,1,1,1,0),(14,2222,1,1,1,1,0),(15,2224,1,1,1,1,0),(16,2225,1,1,1,1,0),(17,2226,1,0,0,0,0),(18,2227,1,0,0,0,0),(19,2228,1,1,0,0,0),(22,2229,1,1,1,1,0),(24,2230,1,1,1,1,0),(25,2231,1,1,0,0,0),(29,2232,1,1,0,0,0),(30,2233,1,1,1,1,0),(31,2234,1,0,0,0,0),(32,2235,1,1,1,1,0),(33,2236,1,1,1,1,0),(34,2237,1,1,1,1,0),(37,2239,1,1,1,1,0),(38,2240,1,1,0,0,0),(39,2242,1,1,1,1,0),(40,2244,1,0,0,0,0),(41,2246,1,0,0,0,0),(48,2248,1,0,0,0,0),(52,2249,1,0,0,0,0),(53,2251,1,1,1,1,0),(54,2252,1,1,0,0,0),(55,2253,1,1,0,0,0),(56,2254,1,1,1,1,0),(57,2255,1,1,0,0,0),(58,2256,1,1,1,1,0);
/*!40000 ALTER TABLE `test_stages` ENABLE KEYS */;
UNLOCK TABLES;

--
-- Table structure for table `users`
--

DROP TABLE IF EXISTS `users`;
/*!40101 SET @saved_cs_client     = @@character_set_client */;
/*!40101 SET character_set_client = utf8 */;
CREATE TABLE `users` (
  `id` int(11) unsigned NOT NULL AUTO_INCREMENT,
  `ip_address` varchar(15) NOT NULL,
  `cp_id` varchar(100) DEFAULT NULL,
  `cp_pass` varchar(100) NOT NULL,
  `email` varchar(100) NOT NULL,
  `username` varchar(100) NOT NULL,
  `password` varchar(255) NOT NULL,
  `salt` varchar(255) DEFAULT NULL,
  `activation_code` varchar(40) DEFAULT NULL,
  `forgotten_password_code` varchar(40) DEFAULT NULL,
  `forgotten_password_time` int(11) unsigned DEFAULT NULL,
  `remember_code` varchar(40) DEFAULT NULL,
  `last_login` int(11) unsigned DEFAULT NULL,
  `first_name` varchar(50) DEFAULT NULL,
  `last_name` varchar(50) DEFAULT NULL,
  `phone` bigint(20) DEFAULT NULL,
  `parent_phone` bigint(20) NOT NULL,
  `class` varchar(100) NOT NULL,
  `school` varchar(100) NOT NULL,
  `active` tinyint(1) unsigned DEFAULT NULL,
  `doj` varchar(500) NOT NULL,
  `created_on` int(11) unsigned NOT NULL,
  PRIMARY KEY (`id`),
  UNIQUE KEY `phone` (`phone`)
) ENGINE=InnoDB AUTO_INCREMENT=2257 DEFAULT CHARSET=utf8;
/*!40101 SET character_set_client = @saved_cs_client */;

--
-- Dumping data for table `users`
--

LOCK TABLES `users` WRITE;
/*!40000 ALTER TABLE `users` DISABLE KEYS */;
INSERT INTO `users` (`id`, `ip_address`, `cp_id`, `cp_pass`, `email`, `username`, `password`, `salt`, `activation_code`, `forgotten_password_code`, `forgotten_password_time`, `remember_code`, `last_login`, `first_name`, `last_name`, `phone`, `parent_phone`, `class`, `school`, `active`, `doj`, `created_on`) VALUES (1,'127.0.0.1','','','satya@manathota.com','administrator','$2y$08$Dx2jBOaPO5I8e.X75KHdh.4LAzHF0wABXzYN5yawduJqRyL2dyTT2','','dacdfa2aec115d23069d35ad97fc6f178572ec12',NULL,NULL,'M0/58roqjyOQ/LgAD4UG1.',1514368442,'satya','manathota',9594837262,0,'','',1,'',1268889823),(1196,'','2017CP1','26456783','','','',NULL,NULL,NULL,NULL,NULL,NULL,'Surapanedi','Sri charan kumar',NULL,9848141178,'9','Mount carmal',1,'',0),(1197,'','2017CP2','26972696','','','',NULL,NULL,NULL,NULL,NULL,NULL,NULL,NULL,NULL,0,'','',1,'',0),(1198,'','2017CP3','32564602','','','',NULL,NULL,NULL,NULL,NULL,NULL,NULL,NULL,NULL,0,'','',1,'',0),(1199,'','2017CP4','12064422','','','',NULL,NULL,NULL,NULL,NULL,NULL,NULL,NULL,NULL,0,'','',1,'',0),(1200,'','2017CP5','14632369','','','',NULL,NULL,NULL,NULL,NULL,NULL,NULL,NULL,NULL,0,'','',1,'',0),(1201,'','2017CP6','11412405','','','',NULL,NULL,NULL,NULL,NULL,NULL,NULL,NULL,NULL,0,'','',1,'',0),(1202,'','2017CP7','41520706','','','',NULL,NULL,NULL,NULL,NULL,NULL,NULL,NULL,NULL,0,'','',1,'',0),(1203,'','2017CP8','60013547','','','',NULL,NULL,NULL,NULL,NULL,NULL,NULL,NULL,NULL,0,'','',1,'',0),(1204,'','2017CP9','31882453','','','',NULL,NULL,NULL,NULL,NULL,NULL,NULL,NULL,NULL,0,'','',1,'',0),(1205,'','2017CP10','30474169','','','',NULL,NULL,NULL,NULL,NULL,NULL,NULL,NULL,NULL,0,'','',1,'',0),(1206,'','2017CP11','12064866','','','',NULL,NULL,NULL,NULL,NULL,NULL,NULL,NULL,NULL,0,'','',1,'',0),(1207,'','2017CP12','30999465','','','',NULL,NULL,NULL,NULL,NULL,NULL,NULL,NULL,NULL,0,'','',1,'',0),(1208,'','2017CP13','64090795','','','',NULL,NULL,NULL,NULL,NULL,NULL,NULL,NULL,NULL,0,'','',1,'',0),(1209,'','2017CP14','94427983','','','',NULL,NULL,NULL,NULL,NULL,NULL,NULL,NULL,NULL,0,'','',1,'',0),(1210,'','2017CP15','30310820','','','',NULL,NULL,NULL,NULL,NULL,NULL,NULL,NULL,NULL,0,'','',1,'',0),(1211,'','2017CP16','65243615','','','',NULL,NULL,NULL,NULL,NULL,NULL,NULL,NULL,NULL,0,'','',1,'',0),(1212,'','2017CP17','89197436','','','',NULL,NULL,NULL,NULL,NULL,NULL,NULL,NULL,NULL,0,'','',1,'',0),(1213,'','2017CP18','94476031','','','',NULL,NULL,NULL,NULL,NULL,NULL,NULL,NULL,NULL,0,'','',1,'',0),(1214,'','2017CP19','82054130','','','',NULL,NULL,NULL,NULL,NULL,NULL,NULL,NULL,NULL,0,'','',1,'',0),(1215,'','2017CP20','77560422','','','',NULL,NULL,NULL,NULL,NULL,NULL,NULL,NULL,NULL,0,'','',1,'',0),(1216,'','2017CP21','50675373','','','',NULL,NULL,NULL,NULL,NULL,NULL,NULL,NULL,NULL,0,'','',1,'',0),(1217,'','2017CP22','31803049','','','',NULL,NULL,NULL,NULL,NULL,NULL,NULL,NULL,NULL,0,'','',1,'',0),(1218,'','2017CP23','34931530','','','',NULL,NULL,NULL,NULL,NULL,NULL,NULL,NULL,NULL,0,'','',1,'',0),(1219,'','2017CP24','54347179','','','',NULL,NULL,NULL,NULL,NULL,NULL,NULL,NULL,NULL,0,'','',1,'',0),(1220,'','2017CP25','86061977','','','',NULL,NULL,NULL,NULL,NULL,NULL,NULL,NULL,NULL,0,'','',1,'',0),(1221,'','2017CP26','55789993','','','',NULL,NULL,NULL,NULL,NULL,NULL,NULL,NULL,NULL,0,'','',1,'',0),(1222,'','2017CP27','67410384','','','',NULL,NULL,NULL,NULL,NULL,NULL,NULL,NULL,NULL,0,'','',1,'',0),(1223,'','2017CP28','70936405','','','',NULL,NULL,NULL,NULL,NULL,NULL,NULL,NULL,NULL,0,'','',1,'',0),(1224,'','2017CP29','36186173','','','',NULL,NULL,NULL,NULL,NULL,NULL,NULL,NULL,NULL,0,'','',1,'',0),(1225,'','2017CP30','17594411','','','',NULL,NULL,NULL,NULL,NULL,NULL,NULL,NULL,NULL,0,'','',1,'',0),(1226,'','2017CP31','46459696','','','',NULL,NULL,NULL,NULL,NULL,NULL,NULL,NULL,NULL,0,'','',1,'',0),(1227,'','2017CP32','84772025','','','',NULL,NULL,NULL,NULL,NULL,NULL,NULL,NULL,NULL,0,'','',1,'',0),(1228,'','2017CP33','87915754','','','',NULL,NULL,NULL,NULL,NULL,NULL,NULL,NULL,NULL,0,'','',1,'',0),(1229,'','2017CP34','25815599','','','',NULL,NULL,NULL,NULL,NULL,NULL,NULL,NULL,NULL,0,'','',1,'',0),(1230,'','2017CP35','91618567','','','',NULL,NULL,NULL,NULL,NULL,NULL,NULL,NULL,NULL,0,'','',1,'',0),(1231,'','2017CP36','46512958','','','',NULL,NULL,NULL,NULL,NULL,NULL,NULL,NULL,NULL,0,'','',1,'',0),(1232,'','2017CP37','75486032','','','',NULL,NULL,NULL,NULL,NULL,NULL,NULL,NULL,NULL,0,'','',1,'',0),(1233,'','2017CP38','44995254','','','',NULL,NULL,NULL,NULL,NULL,NULL,NULL,NULL,NULL,0,'','',1,'',0),(1234,'','2017CP39','33396010','','','',NULL,NULL,NULL,NULL,NULL,NULL,NULL,NULL,NULL,0,'','',1,'',0),(1235,'','2017CP40','71995838','','','',NULL,NULL,NULL,NULL,NULL,NULL,NULL,NULL,NULL,0,'','',1,'',0),(1236,'','2017CP41','27561910','','','',NULL,NULL,NULL,NULL,NULL,NULL,NULL,NULL,NULL,0,'','',1,'',0),(1237,'','2017CP42','67669032','','','',NULL,NULL,NULL,NULL,NULL,NULL,NULL,NULL,NULL,0,'','',1,'',0),(1238,'','2017CP43','52223962','','','',NULL,NULL,NULL,NULL,NULL,NULL,NULL,NULL,NULL,0,'','',1,'',0),(1239,'','2017CP44','76539697','','','',NULL,NULL,NULL,NULL,NULL,NULL,NULL,NULL,NULL,0,'','',1,'',0),(1240,'','2017CP45','93737507','','','',NULL,NULL,NULL,NULL,NULL,NULL,NULL,NULL,NULL,0,'','',1,'',0),(1241,'','2017CP46','49083134','','','',NULL,NULL,NULL,NULL,NULL,NULL,NULL,NULL,NULL,0,'','',1,'',0),(1242,'','2017CP47','34778336','','','',NULL,NULL,NULL,NULL,NULL,NULL,NULL,NULL,NULL,0,'','',1,'',0),(1243,'','2017CP48','48691175','','','',NULL,NULL,NULL,NULL,NULL,NULL,NULL,NULL,NULL,0,'','',1,'',0),(1244,'','2017CP49','38765108','','','',NULL,NULL,NULL,NULL,NULL,NULL,NULL,NULL,NULL,0,'','',1,'',0),(1245,'','2017CP50','71231065','','','',NULL,NULL,NULL,NULL,NULL,NULL,NULL,NULL,NULL,0,'','',1,'',0),(1246,'','2017CP51','78440204','','','',NULL,NULL,NULL,NULL,NULL,NULL,NULL,NULL,NULL,0,'','',1,'',0),(1247,'','2017CP52','65652192','','','',NULL,NULL,NULL,NULL,NULL,NULL,NULL,NULL,NULL,0,'','',1,'',0),(1248,'','2017CP53','34740880','','','',NULL,NULL,NULL,NULL,NULL,NULL,NULL,NULL,NULL,0,'','',1,'',0),(1249,'','2017CP54','79847626','','','',NULL,NULL,NULL,NULL,NULL,NULL,NULL,NULL,NULL,0,'','',1,'',0),(1250,'','2017CP55','16874297','','','',NULL,NULL,NULL,NULL,NULL,NULL,NULL,NULL,NULL,0,'','',1,'',0),(1251,'','2017CP56','75975120','','','',NULL,NULL,NULL,NULL,NULL,NULL,NULL,NULL,NULL,0,'','',1,'',0),(1252,'','2017CP57','73496029','','','',NULL,NULL,NULL,NULL,NULL,NULL,NULL,NULL,NULL,0,'','',1,'',0),(1253,'','2017CP58','11016210','','','',NULL,NULL,NULL,NULL,NULL,NULL,NULL,NULL,NULL,0,'','',1,'',0),(1254,'','2017CP59','87442427','','','',NULL,NULL,NULL,NULL,NULL,NULL,NULL,NULL,NULL,0,'','',1,'',0),(1255,'','2017CP60','23877539','','','',NULL,NULL,NULL,NULL,NULL,NULL,NULL,NULL,NULL,0,'','',1,'',0),(1256,'','2017CP61','31249044','','','',NULL,NULL,NULL,NULL,NULL,NULL,NULL,NULL,NULL,0,'','',1,'',0),(1257,'','2017CP62','31861376','','','',NULL,NULL,NULL,NULL,NULL,NULL,NULL,NULL,NULL,0,'','',1,'',0),(1258,'','2017CP63','62678186','','','',NULL,NULL,NULL,NULL,NULL,NULL,NULL,NULL,NULL,0,'','',1,'',0),(1259,'','2017CP64','16778775','','','',NULL,NULL,NULL,NULL,NULL,NULL,NULL,NULL,NULL,0,'','',1,'',0),(1260,'','2017CP65','43468930','','','',NULL,NULL,NULL,NULL,NULL,NULL,NULL,NULL,NULL,0,'','',1,'',0),(1261,'','2017CP66','86010043','','','',NULL,NULL,NULL,NULL,NULL,NULL,NULL,NULL,NULL,0,'','',1,'',0),(1262,'','2017CP67','60188944','','','',NULL,NULL,NULL,NULL,NULL,NULL,NULL,NULL,NULL,0,'','',1,'',0),(1263,'','2017CP68','18230990','','','',NULL,NULL,NULL,NULL,NULL,NULL,NULL,NULL,NULL,0,'','',1,'',0),(1264,'','2017CP69','11492323','','','',NULL,NULL,NULL,NULL,NULL,NULL,NULL,NULL,NULL,0,'','',1,'',0),(1265,'','2017CP70','95321965','','','',NULL,NULL,NULL,NULL,NULL,NULL,NULL,NULL,NULL,0,'','',1,'',0),(1266,'','2017CP71','50612766','','','',NULL,NULL,NULL,NULL,NULL,NULL,NULL,NULL,NULL,0,'','',1,'',0),(1267,'','2017CP72','71985960','','','',NULL,NULL,NULL,NULL,NULL,NULL,NULL,NULL,NULL,0,'','',1,'',0),(1268,'','2017CP73','49896541','','','',NULL,NULL,NULL,NULL,NULL,NULL,NULL,NULL,NULL,0,'','',1,'',0),(1269,'','2017CP74','39038632','','','',NULL,NULL,NULL,NULL,NULL,NULL,NULL,NULL,NULL,0,'','',1,'',0),(1270,'','2017CP75','73667106','','','',NULL,NULL,NULL,NULL,NULL,NULL,NULL,NULL,NULL,0,'','',1,'',0),(1271,'','2017CP76','51976111','','','',NULL,NULL,NULL,NULL,NULL,NULL,NULL,NULL,NULL,0,'','',1,'',0),(1272,'','2017CP77','17039384','','','',NULL,NULL,NULL,NULL,NULL,NULL,NULL,NULL,NULL,0,'','',1,'',0),(1273,'','2017CP78','49629415','','','',NULL,NULL,NULL,NULL,NULL,NULL,NULL,NULL,NULL,0,'','',1,'',0),(1274,'','2017CP79','38185544','','','',NULL,NULL,NULL,NULL,NULL,NULL,NULL,NULL,NULL,0,'','',1,'',0),(1275,'','2017CP80','15302502','','','',NULL,NULL,NULL,NULL,NULL,NULL,NULL,NULL,NULL,0,'','',1,'',0),(1276,'','2017CP81','42962010','','','',NULL,NULL,NULL,NULL,NULL,NULL,NULL,NULL,NULL,0,'','',1,'',0),(1277,'','2017CP82','45161176','','','',NULL,NULL,NULL,NULL,NULL,NULL,NULL,NULL,NULL,0,'','',1,'',0),(1278,'','2017CP83','41386562','','','',NULL,NULL,NULL,NULL,NULL,NULL,NULL,NULL,NULL,0,'','',1,'',0),(1279,'','2017CP84','73282702','','','',NULL,NULL,NULL,NULL,NULL,NULL,NULL,NULL,NULL,0,'','',1,'',0),(1280,'','2017CP85','80145042','','','',NULL,NULL,NULL,NULL,NULL,NULL,NULL,NULL,NULL,0,'','',1,'',0),(1281,'','2017CP86','37639426','','','',NULL,NULL,NULL,NULL,NULL,NULL,NULL,NULL,NULL,0,'','',1,'',0),(1282,'','2017CP87','97722180','','','',NULL,NULL,NULL,NULL,NULL,NULL,NULL,NULL,NULL,0,'','',1,'',0),(1283,'','2017CP88','42539153','','','',NULL,NULL,NULL,NULL,NULL,NULL,NULL,NULL,NULL,0,'','',1,'',0),(1284,'','2017CP89','35382327','','','',NULL,NULL,NULL,NULL,NULL,NULL,NULL,NULL,NULL,0,'','',1,'',0),(1285,'','2017CP90','45077267','','','',NULL,NULL,NULL,NULL,NULL,NULL,NULL,NULL,NULL,0,'','',1,'',0),(1286,'','2017CP91','31098614','','','',NULL,NULL,NULL,NULL,NULL,NULL,NULL,NULL,NULL,0,'','',1,'',0),(1287,'','2017CP92','90835066','','','',NULL,NULL,NULL,NULL,NULL,NULL,NULL,NULL,NULL,0,'','',1,'',0),(1288,'','2017CP93','30150659','','','',NULL,NULL,NULL,NULL,NULL,NULL,NULL,NULL,NULL,0,'','',1,'',0),(1289,'','2017CP94','31389607','','','',NULL,NULL,NULL,NULL,NULL,NULL,NULL,NULL,NULL,0,'','',1,'',0),(1290,'','2017CP95','53435758','','','',NULL,NULL,NULL,NULL,NULL,NULL,NULL,NULL,NULL,0,'','',1,'',0),(1291,'','2017CP96','97285240','','','',NULL,NULL,NULL,NULL,NULL,NULL,NULL,NULL,NULL,0,'','',1,'',0),(1292,'','2017CP97','70579110','','','',NULL,NULL,NULL,NULL,NULL,NULL,NULL,NULL,NULL,0,'','',1,'',0),(1293,'','2017CP98','46504507','','','',NULL,NULL,NULL,NULL,NULL,NULL,NULL,NULL,NULL,0,'','',1,'',0),(1294,'','2017CP99','87964441','','','',NULL,NULL,NULL,NULL,NULL,NULL,NULL,NULL,NULL,0,'','',1,'',0),(1295,'','2017CP100','16496827','','','',NULL,NULL,NULL,NULL,NULL,NULL,NULL,NULL,NULL,0,'','',1,'',0),(1296,'','2017CP101','17697517','','','',NULL,NULL,NULL,NULL,NULL,NULL,NULL,NULL,NULL,0,'','',1,'',0),(1297,'','2017CP102','76617039','','','',NULL,NULL,NULL,NULL,NULL,NULL,NULL,NULL,NULL,0,'','',1,'',0),(1298,'','2017CP103','43592111','','','',NULL,NULL,NULL,NULL,NULL,NULL,NULL,NULL,NULL,0,'','',1,'',0),(1299,'','2017CP104','17532506','','','',NULL,NULL,NULL,NULL,NULL,NULL,NULL,NULL,NULL,0,'','',1,'',0),(1300,'','2017CP105','12384863','','','',NULL,NULL,NULL,NULL,NULL,NULL,NULL,NULL,NULL,0,'','',1,'',0),(1301,'','2017CP106','26464373','','','',NULL,NULL,NULL,NULL,NULL,NULL,NULL,NULL,NULL,0,'','',1,'',0),(1302,'','2017CP107','17363325','','','',NULL,NULL,NULL,NULL,NULL,NULL,NULL,NULL,NULL,0,'','',1,'',0),(1303,'','2017CP108','61846616','','','',NULL,NULL,NULL,NULL,NULL,NULL,NULL,NULL,NULL,0,'','',1,'',0),(1304,'','2017CP109','50845826','','','',NULL,NULL,NULL,NULL,NULL,NULL,NULL,NULL,NULL,0,'','',1,'',0),(1305,'','2017CP110','24567249','','','',NULL,NULL,NULL,NULL,NULL,NULL,NULL,NULL,NULL,0,'','',1,'',0),(1306,'','2017CP111','69704332','','','',NULL,NULL,NULL,NULL,NULL,NULL,NULL,NULL,NULL,0,'','',1,'',0),(1307,'','2017CP112','21959548','','','',NULL,NULL,NULL,NULL,NULL,NULL,NULL,NULL,NULL,0,'','',1,'',0),(1308,'','2017CP113','46102181','','','',NULL,NULL,NULL,NULL,NULL,NULL,NULL,NULL,NULL,0,'','',1,'',0),(1309,'','2017CP114','81962820','','','',NULL,NULL,NULL,NULL,NULL,NULL,NULL,NULL,NULL,0,'','',1,'',0),(1310,'','2017CP115','98978339','','','',NULL,NULL,NULL,NULL,NULL,NULL,NULL,NULL,NULL,0,'','',1,'',0),(1311,'','2017CP116','47543557','','','',NULL,NULL,NULL,NULL,NULL,NULL,NULL,NULL,NULL,0,'','',1,'',0),(1312,'','2017CP117','54789691','','','',NULL,NULL,NULL,NULL,NULL,NULL,NULL,NULL,NULL,0,'','',1,'',0),(1313,'','2017CP118','91434821','','','',NULL,NULL,NULL,NULL,NULL,NULL,NULL,NULL,NULL,0,'','',1,'',0),(1314,'','2017CP119','53075937','','','',NULL,NULL,NULL,NULL,NULL,NULL,NULL,NULL,NULL,0,'','',1,'',0),(1315,'','2017CP120','56664897','','','',NULL,NULL,NULL,NULL,NULL,NULL,NULL,NULL,NULL,0,'','',1,'',0),(1316,'','2017CP121','15044603','','','',NULL,NULL,NULL,NULL,NULL,NULL,NULL,NULL,NULL,0,'','',1,'',0),(1317,'','2017CP122','32107125','','','',NULL,NULL,NULL,NULL,NULL,NULL,NULL,NULL,NULL,0,'','',1,'',0),(1318,'','2017CP123','41330163','','','',NULL,NULL,NULL,NULL,NULL,NULL,NULL,NULL,NULL,0,'','',1,'',0),(1319,'','2017CP124','46671502','','','',NULL,NULL,NULL,NULL,NULL,NULL,NULL,NULL,NULL,0,'','',1,'',0),(1320,'','2017CP125','58642070','','','',NULL,NULL,NULL,NULL,NULL,NULL,NULL,NULL,NULL,0,'','',1,'',0),(1321,'','2017CP126','54966080','','','',NULL,NULL,NULL,NULL,NULL,NULL,NULL,NULL,NULL,0,'','',1,'',0),(1322,'','2017CP127','56834128','','','',NULL,NULL,NULL,NULL,NULL,NULL,NULL,NULL,NULL,0,'','',1,'',0),(1323,'','2017CP128','70798490','','','',NULL,NULL,NULL,NULL,NULL,NULL,NULL,NULL,NULL,0,'','',1,'',0),(1324,'','2017CP129','77791833','','','',NULL,NULL,NULL,NULL,NULL,NULL,NULL,NULL,NULL,0,'','',1,'',0),(1325,'','2017CP130','83129543','','','',NULL,NULL,NULL,NULL,NULL,NULL,NULL,NULL,NULL,0,'','',1,'',0),(1326,'','2017CP131','30743703','','','',NULL,NULL,NULL,NULL,NULL,NULL,NULL,NULL,NULL,0,'','',1,'',0),(1327,'','2017CP132','35705283','','','',NULL,NULL,NULL,NULL,NULL,NULL,NULL,NULL,NULL,0,'','',1,'',0),(1328,'','2017CP133','22667090','','','',NULL,NULL,NULL,NULL,NULL,NULL,NULL,NULL,NULL,0,'','',1,'',0),(1329,'','2017CP134','19743043','','','',NULL,NULL,NULL,NULL,NULL,NULL,NULL,NULL,NULL,0,'','',1,'',0),(1330,'','2017CP135','14581755','','','',NULL,NULL,NULL,NULL,NULL,NULL,NULL,NULL,NULL,0,'','',1,'',0),(1331,'','2017CP136','37118532','','','',NULL,NULL,NULL,NULL,NULL,NULL,NULL,NULL,NULL,0,'','',1,'',0),(1332,'','2017CP137','14107829','','','',NULL,NULL,NULL,NULL,NULL,NULL,NULL,NULL,NULL,0,'','',1,'',0),(1333,'','2017CP138','36859585','','','',NULL,NULL,NULL,NULL,NULL,NULL,NULL,NULL,NULL,0,'','',1,'',0),(1334,'','2017CP139','39276331','','','',NULL,NULL,NULL,NULL,NULL,NULL,NULL,NULL,NULL,0,'','',1,'',0),(1335,'','2017CP140','37099460','','','',NULL,NULL,NULL,NULL,NULL,NULL,NULL,NULL,NULL,0,'','',1,'',0),(1336,'','2017CP141','55835747','','','',NULL,NULL,NULL,NULL,NULL,NULL,NULL,NULL,NULL,0,'','',1,'',0),(1337,'','2017CP142','73191326','','','',NULL,NULL,NULL,NULL,NULL,NULL,NULL,NULL,NULL,0,'','',1,'',0),(1338,'','2017CP143','53980489','','','',NULL,NULL,NULL,NULL,NULL,NULL,NULL,NULL,NULL,0,'','',1,'',0),(1339,'','2017CP144','34957015','','','',NULL,NULL,NULL,NULL,NULL,NULL,NULL,NULL,NULL,0,'','',1,'',0),(1340,'','2017CP145','30996682','','','',NULL,NULL,NULL,NULL,NULL,NULL,NULL,NULL,NULL,0,'','',1,'',0),(1341,'','2017CP146','84873939','','','',NULL,NULL,NULL,NULL,NULL,NULL,NULL,NULL,NULL,0,'','',1,'',0),(1342,'','2017CP147','75357843','','','',NULL,NULL,NULL,NULL,NULL,NULL,NULL,NULL,NULL,0,'','',1,'',0),(1343,'','2017CP148','88013969','','','',NULL,NULL,NULL,NULL,NULL,NULL,NULL,NULL,NULL,0,'','',1,'',0),(1344,'','2017CP149','61824608','','','',NULL,NULL,NULL,NULL,NULL,NULL,NULL,NULL,NULL,0,'','',1,'',0),(1345,'','2017CP150','57581377','','','',NULL,NULL,NULL,NULL,NULL,NULL,NULL,NULL,NULL,0,'','',1,'',0),(1346,'','2017CP151','89667222','','','',NULL,NULL,NULL,NULL,NULL,NULL,NULL,NULL,NULL,0,'','',1,'',0),(1347,'','2017CP152','99792993','','','',NULL,NULL,NULL,NULL,NULL,NULL,NULL,NULL,NULL,0,'','',1,'',0),(1348,'','2017CP153','74316330','','','',NULL,NULL,NULL,NULL,NULL,NULL,NULL,NULL,NULL,0,'','',1,'',0),(1349,'','2017CP154','23458613','','','',NULL,NULL,NULL,NULL,NULL,NULL,NULL,NULL,NULL,0,'','',1,'',0),(1350,'','2017CP155','78280151','','','',NULL,NULL,NULL,NULL,NULL,NULL,NULL,NULL,NULL,0,'','',1,'',0),(1351,'','2017CP156','88513109','','','',NULL,NULL,NULL,NULL,NULL,NULL,NULL,NULL,NULL,0,'','',1,'',0),(1352,'','2017CP157','97437166','','','',NULL,NULL,NULL,NULL,NULL,NULL,NULL,NULL,NULL,0,'','',1,'',0),(1353,'','2017CP158','39140290','','','',NULL,NULL,NULL,NULL,NULL,NULL,NULL,NULL,NULL,0,'','',1,'',0),(1354,'','2017CP159','40656115','','','',NULL,NULL,NULL,NULL,NULL,NULL,NULL,NULL,NULL,0,'','',1,'',0),(1355,'','2017CP160','82518370','','','',NULL,NULL,NULL,NULL,NULL,NULL,NULL,NULL,NULL,0,'','',1,'',0),(1356,'','2017CP161','69486702','','','',NULL,NULL,NULL,NULL,NULL,NULL,NULL,NULL,NULL,0,'','',1,'',0),(1357,'','2017CP162','84587876','','','',NULL,NULL,NULL,NULL,NULL,NULL,NULL,NULL,NULL,0,'','',1,'',0),(1358,'','2017CP163','84875935','','','',NULL,NULL,NULL,NULL,NULL,NULL,NULL,NULL,NULL,0,'','',1,'',0),(1359,'','2017CP164','33179682','','','',NULL,NULL,NULL,NULL,NULL,NULL,NULL,NULL,NULL,0,'','',1,'',0),(1360,'','2017CP165','51898435','','','',NULL,NULL,NULL,NULL,NULL,NULL,NULL,NULL,NULL,0,'','',1,'',0),(1361,'','2017CP166','52634455','','','',NULL,NULL,NULL,NULL,NULL,NULL,NULL,NULL,NULL,0,'','',1,'',0),(1362,'','2017CP167','82242762','','','',NULL,NULL,NULL,NULL,NULL,NULL,NULL,NULL,NULL,0,'','',1,'',0),(1363,'','2017CP168','67345851','','','',NULL,NULL,NULL,NULL,NULL,NULL,NULL,NULL,NULL,0,'','',1,'',0),(1364,'','2017CP169','59539586','','','',NULL,NULL,NULL,NULL,NULL,NULL,NULL,NULL,NULL,0,'','',1,'',0),(1365,'','2017CP170','87403210','','','',NULL,NULL,NULL,NULL,NULL,NULL,NULL,NULL,NULL,0,'','',1,'',0),(1366,'','2017CP171','12220969','','','',NULL,NULL,NULL,NULL,NULL,NULL,NULL,NULL,NULL,0,'','',1,'',0),(1367,'','2017CP172','24456939','','','',NULL,NULL,NULL,NULL,NULL,NULL,NULL,NULL,NULL,0,'','',1,'',0),(1368,'','2017CP173','53277586','','','',NULL,NULL,NULL,NULL,NULL,NULL,NULL,NULL,NULL,0,'','',1,'',0),(1369,'','2017CP174','23033971','','','',NULL,NULL,NULL,NULL,NULL,NULL,NULL,NULL,NULL,0,'','',1,'',0),(1370,'','2017CP175','79013104','','','',NULL,NULL,NULL,NULL,NULL,NULL,NULL,NULL,NULL,0,'','',1,'',0),(1371,'','2017CP176','64225978','','','',NULL,NULL,NULL,NULL,NULL,NULL,NULL,NULL,NULL,0,'','',1,'',0),(1372,'','2017CP177','24541464','','','',NULL,NULL,NULL,NULL,NULL,NULL,NULL,NULL,NULL,0,'','',1,'',0),(1373,'','2017CP178','77169475','','','',NULL,NULL,NULL,NULL,NULL,NULL,NULL,NULL,NULL,0,'','',1,'',0),(1374,'','2017CP179','60774672','','','',NULL,NULL,NULL,NULL,NULL,NULL,NULL,NULL,NULL,0,'','',1,'',0),(1375,'','2017CP180','55154542','','','',NULL,NULL,NULL,NULL,NULL,NULL,NULL,NULL,NULL,0,'','',1,'',0),(1376,'','2017CP181','68335197','','','',NULL,NULL,NULL,NULL,NULL,NULL,NULL,NULL,NULL,0,'','',1,'',0),(1377,'','2017CP182','82809563','','','',NULL,NULL,NULL,NULL,NULL,NULL,NULL,NULL,NULL,0,'','',1,'',0),(1378,'','2017CP183','44063887','','','',NULL,NULL,NULL,NULL,NULL,NULL,NULL,NULL,NULL,0,'','',1,'',0),(1379,'','2017CP184','14600137','','','',NULL,NULL,NULL,NULL,NULL,NULL,NULL,NULL,NULL,0,'','',1,'',0),(1380,'','2017CP185','34293961','','','',NULL,NULL,NULL,NULL,NULL,NULL,NULL,NULL,NULL,0,'','',1,'',0),(1381,'','2017CP186','64529066','','','',NULL,NULL,NULL,NULL,NULL,NULL,NULL,NULL,NULL,0,'','',1,'',0),(1382,'','2017CP187','69606359','','','',NULL,NULL,NULL,NULL,NULL,NULL,NULL,NULL,NULL,0,'','',1,'',0),(1383,'','2017CP188','88626165','','','',NULL,NULL,NULL,NULL,NULL,NULL,NULL,NULL,NULL,0,'','',1,'',0),(1384,'','2017CP189','35154982','','','',NULL,NULL,NULL,NULL,NULL,NULL,NULL,NULL,NULL,0,'','',1,'',0),(1385,'','2017CP190','81191450','','','',NULL,NULL,NULL,NULL,NULL,NULL,NULL,NULL,NULL,0,'','',1,'',0),(1386,'','2017CP191','45351078','','','',NULL,NULL,NULL,NULL,NULL,NULL,NULL,NULL,NULL,0,'','',1,'',0),(1387,'','2017CP192','90051961','','','',NULL,NULL,NULL,NULL,NULL,NULL,NULL,NULL,NULL,0,'','',1,'',0),(1388,'','2017CP193','10181177','','','',NULL,NULL,NULL,NULL,NULL,NULL,NULL,NULL,NULL,0,'','',1,'',0),(1389,'','2017CP194','13541634','','','',NULL,NULL,NULL,NULL,NULL,NULL,NULL,NULL,NULL,0,'','',1,'',0),(1390,'','2017CP195','29760582','','','',NULL,NULL,NULL,NULL,NULL,NULL,NULL,NULL,NULL,0,'','',1,'',0),(1391,'','2017CP196','21582177','','','',NULL,NULL,NULL,NULL,NULL,NULL,NULL,NULL,NULL,0,'','',1,'',0),(1392,'','2017CP197','39954316','','','',NULL,NULL,NULL,NULL,NULL,NULL,NULL,NULL,NULL,0,'','',1,'',0),(1393,'','2017CP198','42416462','','','',NULL,NULL,NULL,NULL,NULL,NULL,NULL,NULL,NULL,0,'','',1,'',0),(1394,'','2017CP199','75774177','','','',NULL,NULL,NULL,NULL,NULL,NULL,NULL,NULL,NULL,0,'','',1,'',0),(1395,'','2017CP200','82812629','','','',NULL,NULL,NULL,NULL,NULL,NULL,NULL,NULL,NULL,0,'','',1,'',0),(1396,'','2017CP201','14932476','','','',NULL,NULL,NULL,NULL,NULL,NULL,NULL,NULL,NULL,0,'','',1,'',0),(1397,'','2017CP202','86459158','','','',NULL,NULL,NULL,NULL,NULL,NULL,NULL,NULL,NULL,0,'','',1,'',0),(1398,'','2017CP203','47822285','','','',NULL,NULL,NULL,NULL,NULL,NULL,NULL,NULL,NULL,0,'','',1,'',0),(1399,'','2017CP204','43600177','','','',NULL,NULL,NULL,NULL,NULL,NULL,NULL,NULL,NULL,0,'','',1,'',0),(1400,'','2017CP205','54204220','','','',NULL,NULL,NULL,NULL,NULL,NULL,NULL,NULL,NULL,0,'','',1,'',0),(1401,'','2017CP206','19844601','','','',NULL,NULL,NULL,NULL,NULL,NULL,NULL,NULL,NULL,0,'','',1,'',0),(1402,'','2017CP207','58657457','','','',NULL,NULL,NULL,NULL,NULL,NULL,NULL,NULL,NULL,0,'','',1,'',0),(1403,'','2017CP208','89546302','','','',NULL,NULL,NULL,NULL,NULL,NULL,NULL,NULL,NULL,0,'','',1,'',0),(1404,'','2017CP209','90898550','','','',NULL,NULL,NULL,NULL,NULL,NULL,NULL,NULL,NULL,0,'','',1,'',0),(1405,'','2017CP210','27844701','','','',NULL,NULL,NULL,NULL,NULL,NULL,NULL,NULL,NULL,0,'','',1,'',0),(1406,'','2017CP211','96676564','','','',NULL,NULL,NULL,NULL,NULL,NULL,NULL,NULL,NULL,0,'','',1,'',0),(1407,'','2017CP212','87672361','','','',NULL,NULL,NULL,NULL,NULL,NULL,NULL,NULL,NULL,0,'','',1,'',0),(1408,'','2017CP213','94066912','','','',NULL,NULL,NULL,NULL,NULL,NULL,NULL,NULL,NULL,0,'','',1,'',0),(1409,'','2017CP214','20213329','','','',NULL,NULL,NULL,NULL,NULL,NULL,NULL,NULL,NULL,0,'','',1,'',0),(1410,'','2017CP215','24229811','','','',NULL,NULL,NULL,NULL,NULL,NULL,NULL,NULL,NULL,0,'','',1,'',0),(1411,'','2017CP216','90592751','','','',NULL,NULL,NULL,NULL,NULL,NULL,NULL,NULL,NULL,0,'','',1,'',0),(1412,'','2017CP217','76758810','','','',NULL,NULL,NULL,NULL,NULL,NULL,NULL,NULL,NULL,0,'','',1,'',0),(1413,'','2017CP218','76987042','','','',NULL,NULL,NULL,NULL,NULL,NULL,NULL,NULL,NULL,0,'','',1,'',0),(1414,'','2017CP219','25608865','','','',NULL,NULL,NULL,NULL,NULL,NULL,NULL,NULL,NULL,0,'','',1,'',0),(1415,'','2017CP220','55249342','','','',NULL,NULL,NULL,NULL,NULL,NULL,NULL,NULL,NULL,0,'','',1,'',0),(1416,'','2017CP221','46162059','','','',NULL,NULL,NULL,NULL,NULL,NULL,NULL,NULL,NULL,0,'','',1,'',0),(1417,'','2017CP222','17979736','','','',NULL,NULL,NULL,NULL,NULL,NULL,NULL,NULL,NULL,0,'','',1,'',0),(1418,'','2017CP223','73519899','','','',NULL,NULL,NULL,NULL,NULL,NULL,NULL,NULL,NULL,0,'','',1,'',0),(1419,'','2017CP224','12788492','','','',NULL,NULL,NULL,NULL,NULL,NULL,NULL,NULL,NULL,0,'','',1,'',0),(1420,'','2017CP225','76792424','','','',NULL,NULL,NULL,NULL,NULL,NULL,NULL,NULL,NULL,0,'','',1,'',0),(1421,'','2017CP226','15237667','','','',NULL,NULL,NULL,NULL,NULL,NULL,NULL,NULL,NULL,0,'','',1,'',0),(1422,'','2017CP227','96534325','','','',NULL,NULL,NULL,NULL,NULL,NULL,NULL,NULL,NULL,0,'','',1,'',0),(1423,'','2017CP228','86005244','','','',NULL,NULL,NULL,NULL,NULL,NULL,NULL,NULL,NULL,0,'','',1,'',0),(1424,'','2017CP229','47775640','','','',NULL,NULL,NULL,NULL,NULL,NULL,NULL,NULL,NULL,0,'','',1,'',0),(1425,'','2017CP230','98484702','','','',NULL,NULL,NULL,NULL,NULL,NULL,NULL,NULL,NULL,0,'','',1,'',0),(1426,'','2017CP231','91294849','','','',NULL,NULL,NULL,NULL,NULL,NULL,NULL,NULL,NULL,0,'','',1,'',0),(1427,'','2017CP232','26749418','','','',NULL,NULL,NULL,NULL,NULL,NULL,NULL,NULL,NULL,0,'','',1,'',0),(1428,'','2017CP233','39146169','','','',NULL,NULL,NULL,NULL,NULL,NULL,NULL,NULL,NULL,0,'','',1,'',0),(1429,'','2017CP234','38461623','','','',NULL,NULL,NULL,NULL,NULL,NULL,NULL,NULL,NULL,0,'','',1,'',0),(1430,'','2017CP235','28553514','','','',NULL,NULL,NULL,NULL,NULL,NULL,NULL,NULL,NULL,0,'','',1,'',0),(1431,'','2017CP236','52753893','','','',NULL,NULL,NULL,NULL,NULL,NULL,NULL,NULL,NULL,0,'','',1,'',0),(1432,'','2017CP237','55903664','','','',NULL,NULL,NULL,NULL,NULL,NULL,NULL,NULL,NULL,0,'','',1,'',0),(1433,'','2017CP238','65870829','','','',NULL,NULL,NULL,NULL,NULL,NULL,NULL,NULL,NULL,0,'','',1,'',0),(1434,'','2017CP239','15883537','','','',NULL,NULL,NULL,NULL,NULL,NULL,NULL,NULL,NULL,0,'','',1,'',0),(1435,'','2017CP240','25065282','','','',NULL,NULL,NULL,NULL,NULL,NULL,NULL,NULL,NULL,0,'','',1,'',0),(1436,'','2017CP241','78849061','','','',NULL,NULL,NULL,NULL,NULL,NULL,NULL,NULL,NULL,0,'','',1,'',0),(1437,'','2017CP242','90605225','','','',NULL,NULL,NULL,NULL,NULL,NULL,NULL,NULL,NULL,0,'','',1,'',0),(1438,'','2017CP243','22367987','','','',NULL,NULL,NULL,NULL,NULL,NULL,NULL,NULL,NULL,0,'','',1,'',0),(1439,'','2017CP244','85003961','','','',NULL,NULL,NULL,NULL,NULL,NULL,NULL,NULL,NULL,0,'','',1,'',0),(1440,'','2017CP245','22109378','','','',NULL,NULL,NULL,NULL,NULL,NULL,NULL,NULL,NULL,0,'','',1,'',0),(1441,'','2017CP246','39837479','','','',NULL,NULL,NULL,NULL,NULL,NULL,NULL,NULL,NULL,0,'','',1,'',0),(1442,'','2017CP247','66173039','','','',NULL,NULL,NULL,NULL,NULL,NULL,NULL,NULL,NULL,0,'','',1,'',0),(1443,'','2017CP248','38635817','','','',NULL,NULL,NULL,NULL,NULL,NULL,NULL,NULL,NULL,0,'','',1,'',0),(1444,'','2017CP249','94808281','','','',NULL,NULL,NULL,NULL,NULL,NULL,NULL,NULL,NULL,0,'','',1,'',0),(1445,'','2017CP250','69691712','','','',NULL,NULL,NULL,NULL,NULL,NULL,NULL,NULL,NULL,0,'','',1,'',0),(1446,'','2017CP251','55616098','','','',NULL,NULL,NULL,NULL,NULL,NULL,NULL,NULL,NULL,0,'','',1,'',0),(1447,'','2017CP252','23292268','','','',NULL,NULL,NULL,NULL,NULL,NULL,NULL,NULL,NULL,0,'','',1,'',0),(1448,'','2017CP253','61546466','','','',NULL,NULL,NULL,NULL,NULL,NULL,NULL,NULL,NULL,0,'','',1,'',0),(1449,'','2017CP254','74072726','','','',NULL,NULL,NULL,NULL,NULL,NULL,NULL,NULL,NULL,0,'','',1,'',0),(1450,'','2017CP255','15679036','','','',NULL,NULL,NULL,NULL,NULL,NULL,NULL,NULL,NULL,0,'','',1,'',0),(1451,'','2017CP256','86515032','','','',NULL,NULL,NULL,NULL,NULL,NULL,NULL,NULL,NULL,0,'','',1,'',0),(1452,'','2017CP257','38316278','','','',NULL,NULL,NULL,NULL,NULL,NULL,NULL,NULL,NULL,0,'','',1,'',0),(1453,'','2017CP258','22186354','','','',NULL,NULL,NULL,NULL,NULL,NULL,NULL,NULL,NULL,0,'','',1,'',0),(1454,'','2017CP259','47262012','','','',NULL,NULL,NULL,NULL,NULL,NULL,NULL,NULL,NULL,0,'','',1,'',0),(1455,'','2017CP260','58168950','','','',NULL,NULL,NULL,NULL,NULL,NULL,NULL,NULL,NULL,0,'','',1,'',0),(1456,'','2017CP261','77913930','','','',NULL,NULL,NULL,NULL,NULL,NULL,NULL,NULL,NULL,0,'','',1,'',0),(1457,'','2017CP262','94837587','','','',NULL,NULL,NULL,NULL,NULL,NULL,NULL,NULL,NULL,0,'','',1,'',0),(1458,'','2017CP263','54251699','','','',NULL,NULL,NULL,NULL,NULL,NULL,NULL,NULL,NULL,0,'','',1,'',0),(1459,'','2017CP264','69204750','','','',NULL,NULL,NULL,NULL,NULL,NULL,NULL,NULL,NULL,0,'','',1,'',0),(1460,'','2017CP265','21230689','','','',NULL,NULL,NULL,NULL,NULL,NULL,NULL,NULL,NULL,0,'','',1,'',0),(1461,'','2017CP266','46234457','','','',NULL,NULL,NULL,NULL,NULL,NULL,NULL,NULL,NULL,0,'','',1,'',0),(1462,'','2017CP267','23300094','','','',NULL,NULL,NULL,NULL,NULL,NULL,NULL,NULL,NULL,0,'','',1,'',0),(1463,'','2017CP268','11049475','','','',NULL,NULL,NULL,NULL,NULL,NULL,NULL,NULL,NULL,0,'','',1,'',0),(1464,'','2017CP269','15838523','','','',NULL,NULL,NULL,NULL,NULL,NULL,NULL,NULL,NULL,0,'','',1,'',0),(1465,'','2017CP270','19029000','','','',NULL,NULL,NULL,NULL,NULL,NULL,NULL,NULL,NULL,0,'','',1,'',0),(1466,'','2017CP271','90486302','','','',NULL,NULL,NULL,NULL,NULL,NULL,NULL,NULL,NULL,0,'','',1,'',0),(1467,'','2017CP272','82064608','','','',NULL,NULL,NULL,NULL,NULL,NULL,NULL,NULL,NULL,0,'','',1,'',0),(1468,'','2017CP273','79663006','','','',NULL,NULL,NULL,NULL,NULL,NULL,NULL,NULL,NULL,0,'','',1,'',0),(1469,'','2017CP274','80269686','','','',NULL,NULL,NULL,NULL,NULL,NULL,NULL,NULL,NULL,0,'','',1,'',0),(1470,'','2017CP275','75474873','','','',NULL,NULL,NULL,NULL,NULL,NULL,NULL,NULL,NULL,0,'','',1,'',0),(1471,'','2017CP276','37843909','','','',NULL,NULL,NULL,NULL,NULL,NULL,NULL,NULL,NULL,0,'','',1,'',0),(1472,'','2017CP277','54962844','','','',NULL,NULL,NULL,NULL,NULL,NULL,NULL,NULL,NULL,0,'','',1,'',0),(1473,'','2017CP278','61293134','','','',NULL,NULL,NULL,NULL,NULL,NULL,NULL,NULL,NULL,0,'','',1,'',0),(1474,'','2017CP279','12152727','','','',NULL,NULL,NULL,NULL,NULL,NULL,NULL,NULL,NULL,0,'','',1,'',0),(1475,'','2017CP280','69955686','','','',NULL,NULL,NULL,NULL,NULL,NULL,NULL,NULL,NULL,0,'','',1,'',0),(1476,'','2017CP281','60547041','','','',NULL,NULL,NULL,NULL,NULL,NULL,NULL,NULL,NULL,0,'','',1,'',0),(1477,'','2017CP282','35205429','','','',NULL,NULL,NULL,NULL,NULL,NULL,NULL,NULL,NULL,0,'','',1,'',0),(1478,'','2017CP283','99245950','','','',NULL,NULL,NULL,NULL,NULL,NULL,NULL,NULL,NULL,0,'','',1,'',0),(1479,'','2017CP284','41400355','','','',NULL,NULL,NULL,NULL,NULL,NULL,NULL,NULL,NULL,0,'','',1,'',0),(1480,'','2017CP285','55619070','','','',NULL,NULL,NULL,NULL,NULL,NULL,NULL,NULL,NULL,0,'','',1,'',0),(1481,'','2017CP286','85468124','','','',NULL,NULL,NULL,NULL,NULL,NULL,NULL,NULL,NULL,0,'','',1,'',0),(1482,'','2017CP287','45633785','','','',NULL,NULL,NULL,NULL,NULL,NULL,NULL,NULL,NULL,0,'','',1,'',0),(1483,'','2017CP288','64696756','','','',NULL,NULL,NULL,NULL,NULL,NULL,NULL,NULL,NULL,0,'','',1,'',0),(1484,'','2017CP289','99236944','','','',NULL,NULL,NULL,NULL,NULL,NULL,NULL,NULL,NULL,0,'','',1,'',0),(1485,'','2017CP290','26652797','','','',NULL,NULL,NULL,NULL,NULL,NULL,NULL,NULL,NULL,0,'','',1,'',0),(1486,'','2017CP291','72713795','','','',NULL,NULL,NULL,NULL,NULL,NULL,NULL,NULL,NULL,0,'','',1,'',0),(1487,'','2017CP292','79979939','','','',NULL,NULL,NULL,NULL,NULL,NULL,NULL,NULL,NULL,0,'','',1,'',0),(1488,'','2017CP293','50241250','','','',NULL,NULL,NULL,NULL,NULL,NULL,NULL,NULL,NULL,0,'','',1,'',0),(1489,'','2017CP294','57275176','','','',NULL,NULL,NULL,NULL,NULL,NULL,NULL,NULL,NULL,0,'','',1,'',0),(1490,'','2017CP295','60095020','','','',NULL,NULL,NULL,NULL,NULL,NULL,NULL,NULL,NULL,0,'','',1,'',0),(1491,'','2017CP296','27306687','','','',NULL,NULL,NULL,NULL,NULL,NULL,NULL,NULL,NULL,0,'','',1,'',0),(1492,'','2017CP297','86116968','','','',NULL,NULL,NULL,NULL,NULL,NULL,NULL,NULL,NULL,0,'','',1,'',0),(1493,'','2017CP298','32459130','','','',NULL,NULL,NULL,NULL,NULL,NULL,NULL,NULL,NULL,0,'','',1,'',0),(1494,'','2017CP299','87073321','','','',NULL,NULL,NULL,NULL,NULL,NULL,NULL,NULL,NULL,0,'','',1,'',0),(1495,'','2017CP300','71771886','','','',NULL,NULL,NULL,NULL,NULL,NULL,NULL,NULL,NULL,0,'','',1,'',0),(1496,'','2017CP301','36487110','','','',NULL,NULL,NULL,NULL,NULL,NULL,NULL,NULL,NULL,0,'','',1,'',0),(1497,'','2017CP302','79045669','','','',NULL,NULL,NULL,NULL,NULL,NULL,NULL,NULL,NULL,0,'','',1,'',0),(1498,'','2017CP303','80436757','','','',NULL,NULL,NULL,NULL,NULL,NULL,NULL,NULL,NULL,0,'','',1,'',0),(1499,'','2017CP304','43621202','','','',NULL,NULL,NULL,NULL,NULL,NULL,NULL,NULL,NULL,0,'','',1,'',0),(1500,'','2017CP305','72769924','','','',NULL,NULL,NULL,NULL,NULL,NULL,NULL,NULL,NULL,0,'','',1,'',0),(1501,'','2017CP306','65546301','','','',NULL,NULL,NULL,NULL,NULL,NULL,NULL,NULL,NULL,0,'','',1,'',0),(1502,'','2017CP307','14363033','','','',NULL,NULL,NULL,NULL,NULL,NULL,NULL,NULL,NULL,0,'','',1,'',0),(1503,'','2017CP308','50244049','','','',NULL,NULL,NULL,NULL,NULL,NULL,NULL,NULL,NULL,0,'','',1,'',0),(1504,'','2017CP309','21147312','','','',NULL,NULL,NULL,NULL,NULL,NULL,NULL,NULL,NULL,0,'','',1,'',0),(1505,'','2017CP310','40481541','','','',NULL,NULL,NULL,NULL,NULL,NULL,NULL,NULL,NULL,0,'','',1,'',0),(1506,'','2017CP311','48756242','','','',NULL,NULL,NULL,NULL,NULL,NULL,NULL,NULL,NULL,0,'','',1,'',0),(1507,'','2017CP312','66610342','','','',NULL,NULL,NULL,NULL,NULL,NULL,NULL,NULL,NULL,0,'','',1,'',0),(1508,'','2017CP313','40345176','','','',NULL,NULL,NULL,NULL,NULL,NULL,NULL,NULL,NULL,0,'','',1,'',0),(1509,'','2017CP314','92810357','','','',NULL,NULL,NULL,NULL,NULL,NULL,NULL,NULL,NULL,0,'','',1,'',0),(1510,'','2017CP315','93342713','','','',NULL,NULL,NULL,NULL,NULL,NULL,NULL,NULL,NULL,0,'','',1,'',0),(1511,'','2017CP316','10265476','','','',NULL,NULL,NULL,NULL,NULL,NULL,NULL,NULL,NULL,0,'','',1,'',0),(1512,'','2017CP317','18040819','','','',NULL,NULL,NULL,NULL,NULL,NULL,NULL,NULL,NULL,0,'','',1,'',0),(1513,'','2017CP318','11118151','','','',NULL,NULL,NULL,NULL,NULL,NULL,NULL,NULL,NULL,0,'','',1,'',0),(1514,'','2017CP319','20362544','','','',NULL,NULL,NULL,NULL,NULL,NULL,NULL,NULL,NULL,0,'','',1,'',0),(1515,'','2017CP320','63375673','','','',NULL,NULL,NULL,NULL,NULL,NULL,NULL,NULL,NULL,0,'','',1,'',0),(1516,'','2017CP321','39769189','','','',NULL,NULL,NULL,NULL,NULL,NULL,NULL,NULL,NULL,0,'','',1,'',0),(1517,'','2017CP322','55555448','','','',NULL,NULL,NULL,NULL,NULL,NULL,NULL,NULL,NULL,0,'','',1,'',0),(1518,'','2017CP323','82535199','','','',NULL,NULL,NULL,NULL,NULL,NULL,NULL,NULL,NULL,0,'','',1,'',0),(1519,'','2017CP324','37010457','','','',NULL,NULL,NULL,NULL,NULL,NULL,NULL,NULL,NULL,0,'','',1,'',0),(1520,'','2017CP325','83696017','','','',NULL,NULL,NULL,NULL,NULL,NULL,NULL,NULL,NULL,0,'','',1,'',0),(1521,'','2017CP326','67690507','','','',NULL,NULL,NULL,NULL,NULL,NULL,NULL,NULL,NULL,0,'','',1,'',0),(1522,'','2017CP327','61105654','','','',NULL,NULL,NULL,NULL,NULL,NULL,NULL,NULL,NULL,0,'','',1,'',0),(1523,'','2017CP328','50909998','','','',NULL,NULL,NULL,NULL,NULL,NULL,NULL,NULL,NULL,0,'','',1,'',0),(1524,'','2017CP329','73754298','','','',NULL,NULL,NULL,NULL,NULL,NULL,NULL,NULL,NULL,0,'','',1,'',0),(1525,'','2017CP330','66354099','','','',NULL,NULL,NULL,NULL,NULL,NULL,NULL,NULL,NULL,0,'','',1,'',0),(1526,'','2017CP331','66463217','','','',NULL,NULL,NULL,NULL,NULL,NULL,NULL,NULL,NULL,0,'','',1,'',0),(1527,'','2017CP332','97955536','','','',NULL,NULL,NULL,NULL,NULL,NULL,NULL,NULL,NULL,0,'','',1,'',0),(1528,'','2017CP333','33957569','','','',NULL,NULL,NULL,NULL,NULL,NULL,NULL,NULL,NULL,0,'','',1,'',0),(1529,'','2017CP334','14649222','','','',NULL,NULL,NULL,NULL,NULL,NULL,NULL,NULL,NULL,0,'','',1,'',0),(1530,'','2017CP335','18245960','','','',NULL,NULL,NULL,NULL,NULL,NULL,NULL,NULL,NULL,0,'','',1,'',0),(1531,'','2017CP336','28059652','','','',NULL,NULL,NULL,NULL,NULL,NULL,NULL,NULL,NULL,0,'','',1,'',0),(1532,'','2017CP337','27045956','','','',NULL,NULL,NULL,NULL,NULL,NULL,NULL,NULL,NULL,0,'','',1,'',0),(1533,'','2017CP338','32245351','','','',NULL,NULL,NULL,NULL,NULL,NULL,NULL,NULL,NULL,0,'','',1,'',0),(1534,'','2017CP339','88812075','','','',NULL,NULL,NULL,NULL,NULL,NULL,NULL,NULL,NULL,0,'','',1,'',0),(1535,'','2017CP340','56869019','','','',NULL,NULL,NULL,NULL,NULL,NULL,NULL,NULL,NULL,0,'','',1,'',0),(1536,'','2017CP341','35581289','','','',NULL,NULL,NULL,NULL,NULL,NULL,NULL,NULL,NULL,0,'','',1,'',0),(1537,'','2017CP342','16585074','','','',NULL,NULL,NULL,NULL,NULL,NULL,NULL,NULL,NULL,0,'','',1,'',0),(1538,'','2017CP343','41917620','','','',NULL,NULL,NULL,NULL,NULL,NULL,NULL,NULL,NULL,0,'','',1,'',0),(1539,'','2017CP344','60452718','','','',NULL,NULL,NULL,NULL,NULL,NULL,NULL,NULL,NULL,0,'','',1,'',0),(1540,'','2017CP345','19927831','','','',NULL,NULL,NULL,NULL,NULL,NULL,NULL,NULL,NULL,0,'','',1,'',0),(1541,'','2017CP346','26010194','','','',NULL,NULL,NULL,NULL,NULL,NULL,NULL,NULL,NULL,0,'','',1,'',0),(1542,'','2017CP347','86831984','','','',NULL,NULL,NULL,NULL,NULL,NULL,NULL,NULL,NULL,0,'','',1,'',0),(1543,'','2017CP348','75425017','','','',NULL,NULL,NULL,NULL,NULL,NULL,NULL,NULL,NULL,0,'','',1,'',0),(1544,'','2017CP349','11600222','','','',NULL,NULL,NULL,NULL,NULL,NULL,NULL,NULL,NULL,0,'','',1,'',0),(1545,'','2017CP350','17287563','','','',NULL,NULL,NULL,NULL,NULL,NULL,NULL,NULL,NULL,0,'','',1,'',0),(1546,'','2017CP351','70622838','','','',NULL,NULL,NULL,NULL,NULL,NULL,NULL,NULL,NULL,0,'','',1,'',0),(1547,'','2017CP352','51623856','','','',NULL,NULL,NULL,NULL,NULL,NULL,NULL,NULL,NULL,0,'','',1,'',0),(1548,'','2017CP353','80568973','','','',NULL,NULL,NULL,NULL,NULL,NULL,NULL,NULL,NULL,0,'','',1,'',0),(1549,'','2017CP354','82144551','','','',NULL,NULL,NULL,NULL,NULL,NULL,NULL,NULL,NULL,0,'','',1,'',0),(1550,'','2017CP355','89942193','','','',NULL,NULL,NULL,NULL,NULL,NULL,NULL,NULL,NULL,0,'','',1,'',0),(1551,'','2017CP356','65873382','','','',NULL,NULL,NULL,NULL,NULL,NULL,NULL,NULL,NULL,0,'','',1,'',0),(1552,'','2017CP357','23952753','','','',NULL,NULL,NULL,NULL,NULL,NULL,NULL,NULL,NULL,0,'','',1,'',0),(1553,'','2017CP358','89094471','','','',NULL,NULL,NULL,NULL,NULL,NULL,NULL,NULL,NULL,0,'','',1,'',0),(1554,'','2017CP359','20598094','','','',NULL,NULL,NULL,NULL,NULL,NULL,NULL,NULL,NULL,0,'','',1,'',0),(1555,'','2017CP360','66879386','','','',NULL,NULL,NULL,NULL,NULL,NULL,NULL,NULL,NULL,0,'','',1,'',0),(1556,'','2017CP361','73863261','','','',NULL,NULL,NULL,NULL,NULL,NULL,NULL,NULL,NULL,0,'','',1,'',0),(1557,'','2017CP362','20753783','','','',NULL,NULL,NULL,NULL,NULL,NULL,NULL,NULL,NULL,0,'','',1,'',0),(1558,'','2017CP363','62411251','','','',NULL,NULL,NULL,NULL,NULL,NULL,NULL,NULL,NULL,0,'','',1,'',0),(1559,'','2017CP364','24021726','','','',NULL,NULL,NULL,NULL,NULL,NULL,NULL,NULL,NULL,0,'','',1,'',0),(1560,'','2017CP365','32277023','','','',NULL,NULL,NULL,NULL,NULL,NULL,NULL,NULL,NULL,0,'','',1,'',0),(1561,'','2017CP366','95533835','','','',NULL,NULL,NULL,NULL,NULL,NULL,NULL,NULL,NULL,0,'','',1,'',0),(1562,'','2017CP367','73343511','','','',NULL,NULL,NULL,NULL,NULL,NULL,NULL,NULL,NULL,0,'','',1,'',0),(1563,'','2017CP368','97563808','','','',NULL,NULL,NULL,NULL,NULL,NULL,NULL,NULL,NULL,0,'','',1,'',0),(1564,'','2017CP369','91148645','','','',NULL,NULL,NULL,NULL,NULL,NULL,NULL,NULL,NULL,0,'','',1,'',0),(1565,'','2017CP370','69649545','','','',NULL,NULL,NULL,NULL,NULL,NULL,NULL,NULL,NULL,0,'','',1,'',0),(1566,'','2017CP371','32970506','','','',NULL,NULL,NULL,NULL,NULL,NULL,NULL,NULL,NULL,0,'','',1,'',0),(1567,'','2017CP372','73926458','','','',NULL,NULL,NULL,NULL,NULL,NULL,NULL,NULL,NULL,0,'','',1,'',0),(1568,'','2017CP373','85601101','','','',NULL,NULL,NULL,NULL,NULL,NULL,NULL,NULL,NULL,0,'','',1,'',0),(1569,'','2017CP374','52097227','','','',NULL,NULL,NULL,NULL,NULL,NULL,NULL,NULL,NULL,0,'','',1,'',0),(1570,'','2017CP375','10275545','','','',NULL,NULL,NULL,NULL,NULL,NULL,NULL,NULL,NULL,0,'','',1,'',0),(1571,'','2017CP376','71907039','','','',NULL,NULL,NULL,NULL,NULL,NULL,NULL,NULL,NULL,0,'','',1,'',0),(1572,'','2017CP377','54722508','','','',NULL,NULL,NULL,NULL,NULL,NULL,NULL,NULL,NULL,0,'','',1,'',0),(1573,'','2017CP378','44990866','','','',NULL,NULL,NULL,NULL,NULL,NULL,NULL,NULL,NULL,0,'','',1,'',0),(1574,'','2017CP379','64516300','','','',NULL,NULL,NULL,NULL,NULL,NULL,NULL,NULL,NULL,0,'','',1,'',0),(1575,'','2017CP380','41754861','','','',NULL,NULL,NULL,NULL,NULL,NULL,NULL,NULL,NULL,0,'','',1,'',0),(1576,'','2017CP381','67459311','','','',NULL,NULL,NULL,NULL,NULL,NULL,NULL,NULL,NULL,0,'','',1,'',0),(1577,'','2017CP382','82998030','','','',NULL,NULL,NULL,NULL,NULL,NULL,NULL,NULL,NULL,0,'','',1,'',0),(1578,'','2017CP383','69634636','','','',NULL,NULL,NULL,NULL,NULL,NULL,NULL,NULL,NULL,0,'','',1,'',0),(1579,'','2017CP384','80023562','','','',NULL,NULL,NULL,NULL,NULL,NULL,NULL,NULL,NULL,0,'','',1,'',0),(1580,'','2017CP385','40734948','','','',NULL,NULL,NULL,NULL,NULL,NULL,NULL,NULL,NULL,0,'','',1,'',0),(1581,'','2017CP386','54236953','','','',NULL,NULL,NULL,NULL,NULL,NULL,NULL,NULL,NULL,0,'','',1,'',0),(1582,'','2017CP387','32633654','','','',NULL,NULL,NULL,NULL,NULL,NULL,NULL,NULL,NULL,0,'','',1,'',0),(1583,'','2017CP388','70156982','','','',NULL,NULL,NULL,NULL,NULL,NULL,NULL,NULL,NULL,0,'','',1,'',0),(1584,'','2017CP389','50965434','','','',NULL,NULL,NULL,NULL,NULL,NULL,NULL,NULL,NULL,0,'','',1,'',0),(1585,'','2017CP390','49327680','','','',NULL,NULL,NULL,NULL,NULL,NULL,NULL,NULL,NULL,0,'','',1,'',0),(1586,'','2017CP391','19797584','','','',NULL,NULL,NULL,NULL,NULL,NULL,NULL,NULL,NULL,0,'','',1,'',0),(1587,'','2017CP392','32726574','','','',NULL,NULL,NULL,NULL,NULL,NULL,NULL,NULL,NULL,0,'','',1,'',0),(1588,'','2017CP393','93980684','','','',NULL,NULL,NULL,NULL,NULL,NULL,NULL,NULL,NULL,0,'','',1,'',0),(1589,'','2017CP394','53260886','','','',NULL,NULL,NULL,NULL,NULL,NULL,NULL,NULL,NULL,0,'','',1,'',0),(1590,'','2017CP395','53060498','','','',NULL,NULL,NULL,NULL,NULL,NULL,NULL,NULL,NULL,0,'','',1,'',0),(1591,'','2017CP396','64811548','','','',NULL,NULL,NULL,NULL,NULL,NULL,NULL,NULL,NULL,0,'','',1,'',0),(1592,'','2017CP397','33738683','','','',NULL,NULL,NULL,NULL,NULL,NULL,NULL,NULL,NULL,0,'','',1,'',0),(1593,'','2017CP398','10334436','','','',NULL,NULL,NULL,NULL,NULL,NULL,NULL,NULL,NULL,0,'','',1,'',0),(1594,'','2017CP399','79230761','','','',NULL,NULL,NULL,NULL,NULL,NULL,NULL,NULL,NULL,0,'','',1,'',0),(1595,'','2017CP400','47873738','','','',NULL,NULL,NULL,NULL,NULL,NULL,NULL,NULL,NULL,0,'','',1,'',0),(1596,'','2017CP401','77472322','','','',NULL,NULL,NULL,NULL,NULL,NULL,NULL,NULL,NULL,0,'','',1,'',0),(1597,'','2017CP402','37767983','','','',NULL,NULL,NULL,NULL,NULL,NULL,NULL,NULL,NULL,0,'','',1,'',0),(1598,'','2017CP403','50181879','','','',NULL,NULL,NULL,NULL,NULL,NULL,NULL,NULL,NULL,0,'','',1,'',0),(1599,'','2017CP404','14956740','','','',NULL,NULL,NULL,NULL,NULL,NULL,NULL,NULL,NULL,0,'','',1,'',0),(1600,'','2017CP405','63935190','','','',NULL,NULL,NULL,NULL,NULL,NULL,NULL,NULL,NULL,0,'','',1,'',0),(1601,'','2017CP406','73110501','','','',NULL,NULL,NULL,NULL,NULL,NULL,NULL,NULL,NULL,0,'','',1,'',0),(1602,'','2017CP407','74551270','','','',NULL,NULL,NULL,NULL,NULL,NULL,NULL,NULL,NULL,0,'','',1,'',0),(1603,'','2017CP408','74293080','','','',NULL,NULL,NULL,NULL,NULL,NULL,NULL,NULL,NULL,0,'','',1,'',0),(1604,'','2017CP409','18217680','','','',NULL,NULL,NULL,NULL,NULL,NULL,NULL,NULL,NULL,0,'','',1,'',0),(1605,'','2017CP410','11393679','','','',NULL,NULL,NULL,NULL,NULL,NULL,NULL,NULL,NULL,0,'','',1,'',0),(1606,'','2017CP411','96950790','','','',NULL,NULL,NULL,NULL,NULL,NULL,NULL,NULL,NULL,0,'','',1,'',0),(1607,'','2017CP412','98820171','','','',NULL,NULL,NULL,NULL,NULL,NULL,NULL,NULL,NULL,0,'','',1,'',0),(1608,'','2017CP413','44082040','','','',NULL,NULL,NULL,NULL,NULL,NULL,NULL,NULL,NULL,0,'','',1,'',0),(1609,'','2017CP414','35254335','','','',NULL,NULL,NULL,NULL,NULL,NULL,NULL,NULL,NULL,0,'','',1,'',0),(1610,'','2017CP415','27523802','','','',NULL,NULL,NULL,NULL,NULL,NULL,NULL,NULL,NULL,0,'','',1,'',0),(1611,'','2017CP416','65543587','','','',NULL,NULL,NULL,NULL,NULL,NULL,NULL,NULL,NULL,0,'','',1,'',0),(1612,'','2017CP417','91716582','','','',NULL,NULL,NULL,NULL,NULL,NULL,NULL,NULL,NULL,0,'','',1,'',0),(1613,'','2017CP418','29304305','','','',NULL,NULL,NULL,NULL,NULL,NULL,NULL,NULL,NULL,0,'','',1,'',0),(1614,'','2017CP419','40419378','','','',NULL,NULL,NULL,NULL,NULL,NULL,NULL,NULL,NULL,0,'','',1,'',0),(1615,'','2017CP420','66174257','','','',NULL,NULL,NULL,NULL,NULL,NULL,NULL,NULL,NULL,0,'','',1,'',0),(1616,'','2017CP421','89993310','','','',NULL,NULL,NULL,NULL,NULL,NULL,NULL,NULL,NULL,0,'','',1,'',0),(1617,'','2017CP422','78108917','','','',NULL,NULL,NULL,NULL,NULL,NULL,NULL,NULL,NULL,0,'','',1,'',0),(1618,'','2017CP423','89217706','','','',NULL,NULL,NULL,NULL,NULL,NULL,NULL,NULL,NULL,0,'','',1,'',0),(1619,'','2017CP424','63492575','','','',NULL,NULL,NULL,NULL,NULL,NULL,NULL,NULL,NULL,0,'','',1,'',0),(1620,'','2017CP425','82554551','','','',NULL,NULL,NULL,NULL,NULL,NULL,NULL,NULL,NULL,0,'','',1,'',0),(1621,'','2017CP426','47046263','','','',NULL,NULL,NULL,NULL,NULL,NULL,NULL,NULL,NULL,0,'','',1,'',0),(1622,'','2017CP427','21082752','','','',NULL,NULL,NULL,NULL,NULL,NULL,NULL,NULL,NULL,0,'','',1,'',0),(1623,'','2017CP428','63003124','','','',NULL,NULL,NULL,NULL,NULL,NULL,NULL,NULL,NULL,0,'','',1,'',0),(1624,'','2017CP429','74628429','','','',NULL,NULL,NULL,NULL,NULL,NULL,NULL,NULL,NULL,0,'','',1,'',0),(1625,'','2017CP430','91515664','','','',NULL,NULL,NULL,NULL,NULL,NULL,NULL,NULL,NULL,0,'','',1,'',0),(1626,'','2017CP431','51948119','','','',NULL,NULL,NULL,NULL,NULL,NULL,NULL,NULL,NULL,0,'','',1,'',0),(1627,'','2017CP432','16318522','','','',NULL,NULL,NULL,NULL,NULL,NULL,NULL,NULL,NULL,0,'','',1,'',0),(1628,'','2017CP433','85113172','','','',NULL,NULL,NULL,NULL,NULL,NULL,NULL,NULL,NULL,0,'','',1,'',0),(1629,'','2017CP434','43846033','','','',NULL,NULL,NULL,NULL,NULL,NULL,NULL,NULL,NULL,0,'','',1,'',0),(1630,'','2017CP435','36752100','','','',NULL,NULL,NULL,NULL,NULL,NULL,NULL,NULL,NULL,0,'','',1,'',0),(1631,'','2017CP436','44025057','','','',NULL,NULL,NULL,NULL,NULL,NULL,NULL,NULL,NULL,0,'','',1,'',0),(1632,'','2017CP437','79700796','','','',NULL,NULL,NULL,NULL,NULL,NULL,NULL,NULL,NULL,0,'','',1,'',0),(1633,'','2017CP438','28331979','','','',NULL,NULL,NULL,NULL,NULL,NULL,NULL,NULL,NULL,0,'','',1,'',0),(1634,'','2017CP439','50982986','','','',NULL,NULL,NULL,NULL,NULL,NULL,NULL,NULL,NULL,0,'','',1,'',0),(1635,'','2017CP440','63316685','','','',NULL,NULL,NULL,NULL,NULL,NULL,NULL,NULL,NULL,0,'','',1,'',0),(1636,'','2017CP441','52016471','','','',NULL,NULL,NULL,NULL,NULL,NULL,NULL,NULL,NULL,0,'','',1,'',0),(1637,'','2017CP442','20460937','','','',NULL,NULL,NULL,NULL,NULL,NULL,NULL,NULL,NULL,0,'','',1,'',0),(1638,'','2017CP443','87902704','','','',NULL,NULL,NULL,NULL,NULL,NULL,NULL,NULL,NULL,0,'','',1,'',0),(1639,'','2017CP444','31013083','','','',NULL,NULL,NULL,NULL,NULL,NULL,NULL,NULL,NULL,0,'','',1,'',0),(1640,'','2017CP445','71619537','','','',NULL,NULL,NULL,NULL,NULL,NULL,NULL,NULL,NULL,0,'','',1,'',0),(1641,'','2017CP446','60895638','','','',NULL,NULL,NULL,NULL,NULL,NULL,NULL,NULL,NULL,0,'','',1,'',0),(1642,'','2017CP447','26578686','','','',NULL,NULL,NULL,NULL,NULL,NULL,NULL,NULL,NULL,0,'','',1,'',0),(1643,'','2017CP448','20290262','','','',NULL,NULL,NULL,NULL,NULL,NULL,NULL,NULL,NULL,0,'','',1,'',0),(1644,'','2017CP449','72377530','','','',NULL,NULL,NULL,NULL,NULL,NULL,NULL,NULL,NULL,0,'','',1,'',0),(1645,'','2017CP450','52461683','','','',NULL,NULL,NULL,NULL,NULL,NULL,NULL,NULL,NULL,0,'','',1,'',0),(1646,'','2017CP451','53468204','','','',NULL,NULL,NULL,NULL,NULL,NULL,NULL,NULL,NULL,0,'','',1,'',0),(1647,'','2017CP452','78714998','','','',NULL,NULL,NULL,NULL,NULL,NULL,NULL,NULL,NULL,0,'','',1,'',0),(1648,'','2017CP453','78544784','','','',NULL,NULL,NULL,NULL,NULL,NULL,NULL,NULL,NULL,0,'','',1,'',0),(1649,'','2017CP454','88887818','','','',NULL,NULL,NULL,NULL,NULL,NULL,NULL,NULL,NULL,0,'','',1,'',0),(1650,'','2017CP455','14800752','','','',NULL,NULL,NULL,NULL,NULL,NULL,NULL,NULL,NULL,0,'','',1,'',0),(1651,'','2017CP456','47114139','','','',NULL,NULL,NULL,NULL,NULL,NULL,NULL,NULL,NULL,0,'','',1,'',0),(1652,'','2017CP457','22056145','','','',NULL,NULL,NULL,NULL,NULL,NULL,NULL,NULL,NULL,0,'','',1,'',0),(1653,'','2017CP458','84492945','','','',NULL,NULL,NULL,NULL,NULL,NULL,NULL,NULL,NULL,0,'','',1,'',0),(1654,'','2017CP459','77645697','','','',NULL,NULL,NULL,NULL,NULL,NULL,NULL,NULL,NULL,0,'','',1,'',0),(1655,'','2017CP460','21658748','','','',NULL,NULL,NULL,NULL,NULL,NULL,NULL,NULL,NULL,0,'','',1,'',0),(1656,'','2017CP461','43303613','','','',NULL,NULL,NULL,NULL,NULL,NULL,NULL,NULL,NULL,0,'','',1,'',0),(1657,'','2017CP462','55768755','','','',NULL,NULL,NULL,NULL,NULL,NULL,NULL,NULL,NULL,0,'','',1,'',0),(1658,'','2017CP463','21722445','','','',NULL,NULL,NULL,NULL,NULL,NULL,NULL,NULL,NULL,0,'','',1,'',0),(1659,'','2017CP464','20771303','','','',NULL,NULL,NULL,NULL,NULL,NULL,NULL,NULL,NULL,0,'','',1,'',0),(1660,'','2017CP465','77462565','','','',NULL,NULL,NULL,NULL,NULL,NULL,NULL,NULL,NULL,0,'','',1,'',0),(1661,'','2017CP466','47353743','','','',NULL,NULL,NULL,NULL,NULL,NULL,NULL,NULL,NULL,0,'','',1,'',0),(1662,'','2017CP467','67668515','','','',NULL,NULL,NULL,NULL,NULL,NULL,NULL,NULL,NULL,0,'','',1,'',0),(1663,'','2017CP468','41609556','','','',NULL,NULL,NULL,NULL,NULL,NULL,NULL,NULL,NULL,0,'','',1,'',0),(1664,'','2017CP469','35722490','','','',NULL,NULL,NULL,NULL,NULL,NULL,NULL,NULL,NULL,0,'','',1,'',0),(1665,'','2017CP470','60958095','','','',NULL,NULL,NULL,NULL,NULL,NULL,NULL,NULL,NULL,0,'','',1,'',0),(1666,'','2017CP471','25532457','','','',NULL,NULL,NULL,NULL,NULL,NULL,NULL,NULL,NULL,0,'','',1,'',0),(1667,'','2017CP472','32944492','','','',NULL,NULL,NULL,NULL,NULL,NULL,NULL,NULL,NULL,0,'','',1,'',0),(1668,'','2017CP473','48071367','','','',NULL,NULL,NULL,NULL,NULL,NULL,NULL,NULL,NULL,0,'','',1,'',0),(1669,'','2017CP474','78437586','','','',NULL,NULL,NULL,NULL,NULL,NULL,NULL,NULL,NULL,0,'','',1,'',0),(1670,'','2017CP475','46606910','','','',NULL,NULL,NULL,NULL,NULL,NULL,NULL,NULL,NULL,0,'','',1,'',0),(1671,'','2017CP476','84862074','','','',NULL,NULL,NULL,NULL,NULL,NULL,NULL,NULL,NULL,0,'','',1,'',0),(1672,'','2017CP477','46636977','','','',NULL,NULL,NULL,NULL,NULL,NULL,NULL,NULL,NULL,0,'','',1,'',0),(1673,'','2017CP478','30789802','','','',NULL,NULL,NULL,NULL,NULL,NULL,NULL,NULL,NULL,0,'','',1,'',0),(1674,'','2017CP479','27548752','','','',NULL,NULL,NULL,NULL,NULL,NULL,NULL,NULL,NULL,0,'','',1,'',0),(1675,'','2017CP480','57990216','','','',NULL,NULL,NULL,NULL,NULL,NULL,NULL,NULL,NULL,0,'','',1,'',0),(1676,'','2017CP481','57408492','','','',NULL,NULL,NULL,NULL,NULL,NULL,NULL,NULL,NULL,0,'','',1,'',0),(1677,'','2017CP482','87591220','','','',NULL,NULL,NULL,NULL,NULL,NULL,NULL,NULL,NULL,0,'','',1,'',0),(1678,'','2017CP483','17626451','','','',NULL,NULL,NULL,NULL,NULL,NULL,NULL,NULL,NULL,0,'','',1,'',0),(1679,'','2017CP484','75508421','','','',NULL,NULL,NULL,NULL,NULL,NULL,NULL,NULL,NULL,0,'','',1,'',0),(1680,'','2017CP485','40717890','','','',NULL,NULL,NULL,NULL,NULL,NULL,NULL,NULL,NULL,0,'','',1,'',0),(1681,'','2017CP486','72445712','','','',NULL,NULL,NULL,NULL,NULL,NULL,NULL,NULL,NULL,0,'','',1,'',0),(1682,'','2017CP487','87456279','','','',NULL,NULL,NULL,NULL,NULL,NULL,NULL,NULL,NULL,0,'','',1,'',0),(1683,'','2017CP488','38682069','','','',NULL,NULL,NULL,NULL,NULL,NULL,NULL,NULL,NULL,0,'','',1,'',0),(1684,'','2017CP489','27568227','','','',NULL,NULL,NULL,NULL,NULL,NULL,NULL,NULL,NULL,0,'','',1,'',0),(1685,'','2017CP490','82487620','','','',NULL,NULL,NULL,NULL,NULL,NULL,NULL,NULL,NULL,0,'','',1,'',0),(1686,'','2017CP491','78982645','','','',NULL,NULL,NULL,NULL,NULL,NULL,NULL,NULL,NULL,0,'','',1,'',0),(1687,'','2017CP492','25611913','','','',NULL,NULL,NULL,NULL,NULL,NULL,NULL,NULL,NULL,0,'','',1,'',0),(1688,'','2017CP493','54347405','','','',NULL,NULL,NULL,NULL,NULL,NULL,NULL,NULL,NULL,0,'','',1,'',0),(1689,'','2017CP494','18137990','','','',NULL,NULL,NULL,NULL,NULL,NULL,NULL,NULL,NULL,0,'','',1,'',0),(1690,'','2017CP495','94377168','','','',NULL,NULL,NULL,NULL,NULL,NULL,NULL,NULL,NULL,0,'','',1,'',0),(1691,'','2017CP496','74150404','','','',NULL,NULL,NULL,NULL,NULL,NULL,NULL,NULL,NULL,0,'','',1,'',0),(1692,'','2017CP497','24691024','','','',NULL,NULL,NULL,NULL,NULL,NULL,NULL,NULL,NULL,0,'','',1,'',0),(1693,'','2017CP498','60302604','','','',NULL,NULL,NULL,NULL,NULL,NULL,NULL,NULL,NULL,0,'','',1,'',0),(1694,'','2017CP499','85527487','','','',NULL,NULL,NULL,NULL,NULL,NULL,NULL,NULL,NULL,0,'','',1,'',0),(1695,'','2017CP500','53955969','','','',NULL,NULL,NULL,NULL,NULL,NULL,NULL,NULL,NULL,0,'','',1,'',0),(1696,'','2017CP501','74131238','','','',NULL,NULL,NULL,NULL,NULL,NULL,NULL,NULL,NULL,0,'','',1,'',0),(1697,'','2017CP502','82035721','','','',NULL,NULL,NULL,NULL,NULL,NULL,NULL,NULL,NULL,0,'','',1,'',0),(1698,'','2017CP503','31003648','','','',NULL,NULL,NULL,NULL,NULL,NULL,NULL,NULL,NULL,0,'','',1,'',0),(1699,'','2017CP504','76602909','','','',NULL,NULL,NULL,NULL,NULL,NULL,NULL,NULL,NULL,0,'','',1,'',0),(1700,'','2017CP505','11980593','','','',NULL,NULL,NULL,NULL,NULL,NULL,NULL,NULL,NULL,0,'','',1,'',0),(1701,'','2017CP506','17934210','','','',NULL,NULL,NULL,NULL,NULL,NULL,NULL,NULL,NULL,0,'','',1,'',0),(1702,'','2017CP507','25086502','','','',NULL,NULL,NULL,NULL,NULL,NULL,NULL,NULL,NULL,0,'','',1,'',0),(1703,'','2017CP508','63755182','','','',NULL,NULL,NULL,NULL,NULL,NULL,NULL,NULL,NULL,0,'','',1,'',0),(1704,'','2017CP509','16005053','','','',NULL,NULL,NULL,NULL,NULL,NULL,NULL,NULL,NULL,0,'','',1,'',0),(1705,'','2017CP510','48396928','','','',NULL,NULL,NULL,NULL,NULL,NULL,NULL,NULL,NULL,0,'','',1,'',0),(1706,'','2017CP511','35599247','','','',NULL,NULL,NULL,NULL,NULL,NULL,NULL,NULL,NULL,0,'','',1,'',0),(1707,'','2017CP512','99923750','','','',NULL,NULL,NULL,NULL,NULL,NULL,NULL,NULL,NULL,0,'','',1,'',0),(1708,'','2017CP513','65968210','','','',NULL,NULL,NULL,NULL,NULL,NULL,NULL,NULL,NULL,0,'','',1,'',0),(1709,'','2017CP514','42159549','','','',NULL,NULL,NULL,NULL,NULL,NULL,NULL,NULL,NULL,0,'','',1,'',0),(1710,'','2017CP515','11717709','','','',NULL,NULL,NULL,NULL,NULL,NULL,NULL,NULL,NULL,0,'','',1,'',0),(1711,'','2017CP516','76744583','','','',NULL,NULL,NULL,NULL,NULL,NULL,NULL,NULL,NULL,0,'','',1,'',0),(1712,'','2017CP517','65064574','','','',NULL,NULL,NULL,NULL,NULL,NULL,NULL,NULL,NULL,0,'','',1,'',0),(1713,'','2017CP518','14955324','','','',NULL,NULL,NULL,NULL,NULL,NULL,NULL,NULL,NULL,0,'','',1,'',0),(1714,'','2017CP519','97994972','','','',NULL,NULL,NULL,NULL,NULL,NULL,NULL,NULL,NULL,0,'','',1,'',0),(1715,'','2017CP520','90919744','','','',NULL,NULL,NULL,NULL,NULL,NULL,NULL,NULL,NULL,0,'','',1,'',0),(1716,'','2017CP521','11171042','','','',NULL,NULL,NULL,NULL,NULL,NULL,NULL,NULL,NULL,0,'','',1,'',0),(1717,'','2017CP522','82254821','','','',NULL,NULL,NULL,NULL,NULL,NULL,NULL,NULL,NULL,0,'','',1,'',0),(1718,'','2017CP523','20119059','','','',NULL,NULL,NULL,NULL,NULL,NULL,NULL,NULL,NULL,0,'','',1,'',0),(1719,'','2017CP524','32033530','','','',NULL,NULL,NULL,NULL,NULL,NULL,NULL,NULL,NULL,0,'','',1,'',0),(1720,'','2017CP525','42860753','','','',NULL,NULL,NULL,NULL,NULL,NULL,NULL,NULL,NULL,0,'','',1,'',0),(1721,'','2017CP526','25032717','','','',NULL,NULL,NULL,NULL,NULL,NULL,NULL,NULL,NULL,0,'','',1,'',0),(1722,'','2017CP527','72023135','','','',NULL,NULL,NULL,NULL,NULL,NULL,NULL,NULL,NULL,0,'','',1,'',0),(1723,'','2017CP528','89289947','','','',NULL,NULL,NULL,NULL,NULL,NULL,NULL,NULL,NULL,0,'','',1,'',0),(1724,'','2017CP529','70576062','','','',NULL,NULL,NULL,NULL,NULL,NULL,NULL,NULL,NULL,0,'','',1,'',0),(1725,'','2017CP530','49784161','','','',NULL,NULL,NULL,NULL,NULL,NULL,NULL,NULL,NULL,0,'','',1,'',0),(1726,'','2017CP531','43175111','','','',NULL,NULL,NULL,NULL,NULL,NULL,NULL,NULL,NULL,0,'','',1,'',0),(1727,'','2017CP532','37066854','','','',NULL,NULL,NULL,NULL,NULL,NULL,NULL,NULL,NULL,0,'','',1,'',0),(1728,'','2017CP533','17020461','','','',NULL,NULL,NULL,NULL,NULL,NULL,NULL,NULL,NULL,0,'','',1,'',0),(1729,'','2017CP534','20065468','','','',NULL,NULL,NULL,NULL,NULL,NULL,NULL,NULL,NULL,0,'','',1,'',0),(1730,'','2017CP535','66280934','','','',NULL,NULL,NULL,NULL,NULL,NULL,NULL,NULL,NULL,0,'','',1,'',0),(1731,'','2017CP536','73590625','','','',NULL,NULL,NULL,NULL,NULL,NULL,NULL,NULL,NULL,0,'','',1,'',0),(1732,'','2017CP537','68658301','','','',NULL,NULL,NULL,NULL,NULL,NULL,NULL,NULL,NULL,0,'','',1,'',0),(1733,'','2017CP538','13613344','','','',NULL,NULL,NULL,NULL,NULL,NULL,NULL,NULL,NULL,0,'','',1,'',0),(1734,'','2017CP539','39675760','','','',NULL,NULL,NULL,NULL,NULL,NULL,NULL,NULL,NULL,0,'','',1,'',0),(1735,'','2017CP540','72224030','','','',NULL,NULL,NULL,NULL,NULL,NULL,NULL,NULL,NULL,0,'','',1,'',0),(1736,'','2017CP541','63947322','','','',NULL,NULL,NULL,NULL,NULL,NULL,NULL,NULL,NULL,0,'','',1,'',0),(1737,'','2017CP542','25810596','','','',NULL,NULL,NULL,NULL,NULL,NULL,NULL,NULL,NULL,0,'','',1,'',0),(1738,'','2017CP543','40403182','','','',NULL,NULL,NULL,NULL,NULL,NULL,NULL,NULL,NULL,0,'','',1,'',0),(1739,'','2017CP544','85962349','','','',NULL,NULL,NULL,NULL,NULL,NULL,NULL,NULL,NULL,0,'','',1,'',0),(1740,'','2017CP545','31302515','','','',NULL,NULL,NULL,NULL,NULL,NULL,NULL,NULL,NULL,0,'','',1,'',0),(1741,'','2017CP546','33958605','','','',NULL,NULL,NULL,NULL,NULL,NULL,NULL,NULL,NULL,0,'','',1,'',0),(1742,'','2017CP547','42462532','','','',NULL,NULL,NULL,NULL,NULL,NULL,NULL,NULL,NULL,0,'','',1,'',0),(1743,'','2017CP548','76643343','','','',NULL,NULL,NULL,NULL,NULL,NULL,NULL,NULL,NULL,0,'','',1,'',0),(1744,'','2017CP549','31440611','','','',NULL,NULL,NULL,NULL,NULL,NULL,NULL,NULL,NULL,0,'','',1,'',0),(1745,'','2017CP550','83263967','','','',NULL,NULL,NULL,NULL,NULL,NULL,NULL,NULL,NULL,0,'','',1,'',0),(1746,'','2017CP551','89407687','','','',NULL,NULL,NULL,NULL,NULL,NULL,NULL,NULL,NULL,0,'','',1,'',0),(1747,'','2017CP552','50172245','','','',NULL,NULL,NULL,NULL,NULL,NULL,NULL,NULL,NULL,0,'','',1,'',0),(1748,'','2017CP553','34061000','','','',NULL,NULL,NULL,NULL,NULL,NULL,NULL,NULL,NULL,0,'','',1,'',0),(1749,'','2017CP554','33474323','','','',NULL,NULL,NULL,NULL,NULL,NULL,NULL,NULL,NULL,0,'','',1,'',0),(1750,'','2017CP555','62550939','','','',NULL,NULL,NULL,NULL,NULL,NULL,NULL,NULL,NULL,0,'','',1,'',0),(1751,'','2017CP556','20327292','','','',NULL,NULL,NULL,NULL,NULL,NULL,NULL,NULL,NULL,0,'','',1,'',0),(1752,'','2017CP557','92111613','','','',NULL,NULL,NULL,NULL,NULL,NULL,NULL,NULL,NULL,0,'','',1,'',0),(1753,'','2017CP558','10292672','','','',NULL,NULL,NULL,NULL,NULL,NULL,NULL,NULL,NULL,0,'','',1,'',0),(1754,'','2017CP559','36254705','','','',NULL,NULL,NULL,NULL,NULL,NULL,NULL,NULL,NULL,0,'','',1,'',0),(1755,'','2017CP560','52532078','','','',NULL,NULL,NULL,NULL,NULL,NULL,NULL,NULL,NULL,0,'','',1,'',0),(1756,'','2017CP561','59948143','','','',NULL,NULL,NULL,NULL,NULL,NULL,NULL,NULL,NULL,0,'','',1,'',0),(1757,'','2017CP562','18586840','','','',NULL,NULL,NULL,NULL,NULL,NULL,NULL,NULL,NULL,0,'','',1,'',0),(1758,'','2017CP563','61737153','','','',NULL,NULL,NULL,NULL,NULL,NULL,NULL,NULL,NULL,0,'','',1,'',0),(1759,'','2017CP564','32084206','','','',NULL,NULL,NULL,NULL,NULL,NULL,NULL,NULL,NULL,0,'','',1,'',0),(1760,'','2017CP565','64260729','','','',NULL,NULL,NULL,NULL,NULL,NULL,NULL,NULL,NULL,0,'','',1,'',0),(1761,'','2017CP566','41525292','','','',NULL,NULL,NULL,NULL,NULL,NULL,NULL,NULL,NULL,0,'','',1,'',0),(1762,'','2017CP567','79090001','','','',NULL,NULL,NULL,NULL,NULL,NULL,NULL,NULL,NULL,0,'','',1,'',0),(1763,'','2017CP568','32298703','','','',NULL,NULL,NULL,NULL,NULL,NULL,NULL,NULL,NULL,0,'','',1,'',0),(1764,'','2017CP569','73899920','','','',NULL,NULL,NULL,NULL,NULL,NULL,NULL,NULL,NULL,0,'','',1,'',0),(1765,'','2017CP570','39248721','','','',NULL,NULL,NULL,NULL,NULL,NULL,NULL,NULL,NULL,0,'','',1,'',0),(1766,'','2017CP571','93296214','','','',NULL,NULL,NULL,NULL,NULL,NULL,NULL,NULL,NULL,0,'','',1,'',0),(1767,'','2017CP572','27186524','','','',NULL,NULL,NULL,NULL,NULL,NULL,NULL,NULL,NULL,0,'','',1,'',0),(1768,'','2017CP573','91695177','','','',NULL,NULL,NULL,NULL,NULL,NULL,NULL,NULL,NULL,0,'','',1,'',0),(1769,'','2017CP574','73136057','','','',NULL,NULL,NULL,NULL,NULL,NULL,NULL,NULL,NULL,0,'','',1,'',0),(1770,'','2017CP575','75041785','','','',NULL,NULL,NULL,NULL,NULL,NULL,NULL,NULL,NULL,0,'','',1,'',0),(1771,'','2017CP576','18058631','','','',NULL,NULL,NULL,NULL,NULL,NULL,NULL,NULL,NULL,0,'','',1,'',0),(1772,'','2017CP577','43360478','','','',NULL,NULL,NULL,NULL,NULL,NULL,NULL,NULL,NULL,0,'','',1,'',0),(1773,'','2017CP578','71446663','','','',NULL,NULL,NULL,NULL,NULL,NULL,NULL,NULL,NULL,0,'','',1,'',0),(1774,'','2017CP579','27224184','','','',NULL,NULL,NULL,NULL,NULL,NULL,NULL,NULL,NULL,0,'','',1,'',0),(1775,'','2017CP580','98737138','','','',NULL,NULL,NULL,NULL,NULL,NULL,NULL,NULL,NULL,0,'','',1,'',0),(1776,'','2017CP581','66976247','','','',NULL,NULL,NULL,NULL,NULL,NULL,NULL,NULL,NULL,0,'','',1,'',0),(1777,'','2017CP582','63243937','','','',NULL,NULL,NULL,NULL,NULL,NULL,NULL,NULL,NULL,0,'','',1,'',0),(1778,'','2017CP583','29070084','','','',NULL,NULL,NULL,NULL,NULL,NULL,NULL,NULL,NULL,0,'','',1,'',0),(1779,'','2017CP584','79620433','','','',NULL,NULL,NULL,NULL,NULL,NULL,NULL,NULL,NULL,0,'','',1,'',0),(1780,'','2017CP585','79012035','','','',NULL,NULL,NULL,NULL,NULL,NULL,NULL,NULL,NULL,0,'','',1,'',0),(1781,'','2017CP586','62728384','','','',NULL,NULL,NULL,NULL,NULL,NULL,NULL,NULL,NULL,0,'','',1,'',0),(1782,'','2017CP587','85686086','','','',NULL,NULL,NULL,NULL,NULL,NULL,NULL,NULL,NULL,0,'','',1,'',0),(1783,'','2017CP588','51084069','','','',NULL,NULL,NULL,NULL,NULL,NULL,NULL,NULL,NULL,0,'','',1,'',0),(1784,'','2017CP589','47045245','','','',NULL,NULL,NULL,NULL,NULL,NULL,NULL,NULL,NULL,0,'','',1,'',0),(1785,'','2017CP590','29676373','','','',NULL,NULL,NULL,NULL,NULL,NULL,NULL,NULL,NULL,0,'','',1,'',0),(1786,'','2017CP591','81131031','','','',NULL,NULL,NULL,NULL,NULL,NULL,NULL,NULL,NULL,0,'','',1,'',0),(1787,'','2017CP592','58145136','','','',NULL,NULL,NULL,NULL,NULL,NULL,NULL,NULL,NULL,0,'','',1,'',0),(1788,'','2017CP593','82531014','','','',NULL,NULL,NULL,NULL,NULL,NULL,NULL,NULL,NULL,0,'','',1,'',0),(1789,'','2017CP594','79372400','','','',NULL,NULL,NULL,NULL,NULL,NULL,NULL,NULL,NULL,0,'','',1,'',0),(1790,'','2017CP595','56265553','','','',NULL,NULL,NULL,NULL,NULL,NULL,NULL,NULL,NULL,0,'','',1,'',0),(1791,'','2017CP596','22709242','','','',NULL,NULL,NULL,NULL,NULL,NULL,NULL,NULL,NULL,0,'','',1,'',0),(1792,'','2017CP597','78721257','','','',NULL,NULL,NULL,NULL,NULL,NULL,NULL,NULL,NULL,0,'','',1,'',0),(1793,'','2017CP598','74074369','','','',NULL,NULL,NULL,NULL,NULL,NULL,NULL,NULL,NULL,0,'','',1,'',0),(1794,'','2017CP599','49798859','','','',NULL,NULL,NULL,NULL,NULL,NULL,NULL,NULL,NULL,0,'','',1,'',0),(1795,'','2017CP600','97870855','','','',NULL,NULL,NULL,NULL,NULL,NULL,NULL,NULL,NULL,0,'','',1,'',0),(1796,'','2017CP601','22509861','','','',NULL,NULL,NULL,NULL,NULL,NULL,NULL,NULL,NULL,0,'','',1,'',0),(1797,'','2017CP602','27597065','','','',NULL,NULL,NULL,NULL,NULL,NULL,NULL,NULL,NULL,0,'','',1,'',0),(1798,'','2017CP603','68167232','','','',NULL,NULL,NULL,NULL,NULL,NULL,NULL,NULL,NULL,0,'','',1,'',0),(1799,'','2017CP604','95491897','','','',NULL,NULL,NULL,NULL,NULL,NULL,NULL,NULL,NULL,0,'','',1,'',0),(1800,'','2017CP605','53444613','','','',NULL,NULL,NULL,NULL,NULL,NULL,NULL,NULL,NULL,0,'','',1,'',0),(1801,'','2017CP606','94752234','','','',NULL,NULL,NULL,NULL,NULL,NULL,NULL,NULL,NULL,0,'','',1,'',0),(1802,'','2017CP607','87474641','','','',NULL,NULL,NULL,NULL,NULL,NULL,NULL,NULL,NULL,0,'','',1,'',0),(1803,'','2017CP608','19260726','','','',NULL,NULL,NULL,NULL,NULL,NULL,NULL,NULL,NULL,0,'','',1,'',0),(1804,'','2017CP609','67603597','','','',NULL,NULL,NULL,NULL,NULL,NULL,NULL,NULL,NULL,0,'','',1,'',0),(1805,'','2017CP610','40268001','','','',NULL,NULL,NULL,NULL,NULL,NULL,NULL,NULL,NULL,0,'','',1,'',0),(1806,'','2017CP611','24345513','','','',NULL,NULL,NULL,NULL,NULL,NULL,NULL,NULL,NULL,0,'','',1,'',0),(1807,'','2017CP612','28734101','','','',NULL,NULL,NULL,NULL,NULL,NULL,NULL,NULL,NULL,0,'','',1,'',0),(1808,'','2017CP613','23522488','','','',NULL,NULL,NULL,NULL,NULL,NULL,NULL,NULL,NULL,0,'','',1,'',0),(1809,'','2017CP614','77621395','','','',NULL,NULL,NULL,NULL,NULL,NULL,NULL,NULL,NULL,0,'','',1,'',0),(1810,'','2017CP615','55076559','','','',NULL,NULL,NULL,NULL,NULL,NULL,NULL,NULL,NULL,0,'','',1,'',0),(1811,'','2017CP616','13625462','','','',NULL,NULL,NULL,NULL,NULL,NULL,NULL,NULL,NULL,0,'','',1,'',0),(1812,'','2017CP617','45849626','','','',NULL,NULL,NULL,NULL,NULL,NULL,NULL,NULL,NULL,0,'','',1,'',0),(1813,'','2017CP618','83248467','','','',NULL,NULL,NULL,NULL,NULL,NULL,NULL,NULL,NULL,0,'','',1,'',0),(1814,'','2017CP619','94468066','','','',NULL,NULL,NULL,NULL,NULL,NULL,NULL,NULL,NULL,0,'','',1,'',0),(1815,'','2017CP620','43609332','','','',NULL,NULL,NULL,NULL,NULL,NULL,NULL,NULL,NULL,0,'','',1,'',0),(1816,'','2017CP621','11115330','','','',NULL,NULL,NULL,NULL,NULL,NULL,NULL,NULL,NULL,0,'','',1,'',0),(1817,'','2017CP622','73809989','','','',NULL,NULL,NULL,NULL,NULL,NULL,NULL,NULL,NULL,0,'','',1,'',0),(1818,'','2017CP623','32412720','','','',NULL,NULL,NULL,NULL,NULL,NULL,NULL,NULL,NULL,0,'','',1,'',0),(1819,'','2017CP624','53884440','','','',NULL,NULL,NULL,NULL,NULL,NULL,NULL,NULL,NULL,0,'','',1,'',0),(1820,'','2017CP625','92872370','','','',NULL,NULL,NULL,NULL,NULL,NULL,NULL,NULL,NULL,0,'','',1,'',0),(1821,'','2017CP626','72911091','','','',NULL,NULL,NULL,NULL,NULL,NULL,NULL,NULL,NULL,0,'','',1,'',0),(1822,'','2017CP627','15883235','','','',NULL,NULL,NULL,NULL,NULL,NULL,NULL,NULL,NULL,0,'','',1,'',0),(1823,'','2017CP628','60034659','','','',NULL,NULL,NULL,NULL,NULL,NULL,NULL,NULL,NULL,0,'','',1,'',0),(1824,'','2017CP629','95534017','','','',NULL,NULL,NULL,NULL,NULL,NULL,NULL,NULL,NULL,0,'','',1,'',0),(1825,'','2017CP630','82351534','','','',NULL,NULL,NULL,NULL,NULL,NULL,NULL,NULL,NULL,0,'','',1,'',0),(1826,'','2017CP631','52166084','','','',NULL,NULL,NULL,NULL,NULL,NULL,NULL,NULL,NULL,0,'','',1,'',0),(1827,'','2017CP632','87922282','','','',NULL,NULL,NULL,NULL,NULL,NULL,NULL,NULL,NULL,0,'','',1,'',0),(1828,'','2017CP633','91412709','','','',NULL,NULL,NULL,NULL,NULL,NULL,NULL,NULL,NULL,0,'','',1,'',0),(1829,'','2017CP634','90726330','','','',NULL,NULL,NULL,NULL,NULL,NULL,NULL,NULL,NULL,0,'','',1,'',0),(1830,'','2017CP635','32912865','','','',NULL,NULL,NULL,NULL,NULL,NULL,NULL,NULL,NULL,0,'','',1,'',0),(1831,'','2017CP636','13893477','','','',NULL,NULL,NULL,NULL,NULL,NULL,NULL,NULL,NULL,0,'','',1,'',0),(1832,'','2017CP637','21228514','','','',NULL,NULL,NULL,NULL,NULL,NULL,NULL,NULL,NULL,0,'','',1,'',0),(1833,'','2017CP638','40681476','','','',NULL,NULL,NULL,NULL,NULL,NULL,NULL,NULL,NULL,0,'','',1,'',0),(1834,'','2017CP639','63093512','','','',NULL,NULL,NULL,NULL,NULL,NULL,NULL,NULL,NULL,0,'','',1,'',0),(1835,'','2017CP640','17916495','','','',NULL,NULL,NULL,NULL,NULL,NULL,NULL,NULL,NULL,0,'','',1,'',0),(1836,'','2017CP641','16666150','','','',NULL,NULL,NULL,NULL,NULL,NULL,NULL,NULL,NULL,0,'','',1,'',0),(1837,'','2017CP642','33114272','','','',NULL,NULL,NULL,NULL,NULL,NULL,NULL,NULL,NULL,0,'','',1,'',0),(1838,'','2017CP643','35432055','','','',NULL,NULL,NULL,NULL,NULL,NULL,NULL,NULL,NULL,0,'','',1,'',0),(1839,'','2017CP644','44788990','','','',NULL,NULL,NULL,NULL,NULL,NULL,NULL,NULL,NULL,0,'','',1,'',0),(1840,'','2017CP645','98575791','','','',NULL,NULL,NULL,NULL,NULL,NULL,NULL,NULL,NULL,0,'','',1,'',0),(1841,'','2017CP646','14672776','','','',NULL,NULL,NULL,NULL,NULL,NULL,NULL,NULL,NULL,0,'','',1,'',0),(1842,'','2017CP647','13413883','','','',NULL,NULL,NULL,NULL,NULL,NULL,NULL,NULL,NULL,0,'','',1,'',0),(1843,'','2017CP648','67958145','','','',NULL,NULL,NULL,NULL,NULL,NULL,NULL,NULL,NULL,0,'','',1,'',0),(1844,'','2017CP649','68235907','','','',NULL,NULL,NULL,NULL,NULL,NULL,NULL,NULL,NULL,0,'','',1,'',0),(1845,'','2017CP650','54216925','','','',NULL,NULL,NULL,NULL,NULL,NULL,NULL,NULL,NULL,0,'','',1,'',0),(1846,'','2017CP651','70757478','','','',NULL,NULL,NULL,NULL,NULL,NULL,NULL,NULL,NULL,0,'','',1,'',0),(1847,'','2017CP652','59274922','','','',NULL,NULL,NULL,NULL,NULL,NULL,NULL,NULL,NULL,0,'','',1,'',0),(1848,'','2017CP653','65770085','','','',NULL,NULL,NULL,NULL,NULL,NULL,NULL,NULL,NULL,0,'','',1,'',0),(1849,'','2017CP654','34133490','','','',NULL,NULL,NULL,NULL,NULL,NULL,NULL,NULL,NULL,0,'','',1,'',0),(1850,'','2017CP655','83008146','','','',NULL,NULL,NULL,NULL,NULL,NULL,NULL,NULL,NULL,0,'','',1,'',0),(1851,'','2017CP656','67203583','','','',NULL,NULL,NULL,NULL,NULL,NULL,NULL,NULL,NULL,0,'','',1,'',0),(1852,'','2017CP657','77804603','','','',NULL,NULL,NULL,NULL,NULL,NULL,NULL,NULL,NULL,0,'','',1,'',0),(1853,'','2017CP658','39445116','','','',NULL,NULL,NULL,NULL,NULL,NULL,NULL,NULL,NULL,0,'','',1,'',0),(1854,'','2017CP659','17868988','','','',NULL,NULL,NULL,NULL,NULL,NULL,NULL,NULL,NULL,0,'','',1,'',0),(1855,'','2017CP660','34532515','','','',NULL,NULL,NULL,NULL,NULL,NULL,NULL,NULL,NULL,0,'','',1,'',0),(1856,'','2017CP661','98362962','','','',NULL,NULL,NULL,NULL,NULL,NULL,NULL,NULL,NULL,0,'','',1,'',0),(1857,'','2017CP662','75726888','','','',NULL,NULL,NULL,NULL,NULL,NULL,NULL,NULL,NULL,0,'','',1,'',0),(1858,'','2017CP663','61371741','','','',NULL,NULL,NULL,NULL,NULL,NULL,NULL,NULL,NULL,0,'','',1,'',0),(1859,'','2017CP664','36827541','','','',NULL,NULL,NULL,NULL,NULL,NULL,NULL,NULL,NULL,0,'','',1,'',0),(1860,'','2017CP665','26490312','','','',NULL,NULL,NULL,NULL,NULL,NULL,NULL,NULL,NULL,0,'','',1,'',0),(1861,'','2017CP666','58301051','','','',NULL,NULL,NULL,NULL,NULL,NULL,NULL,NULL,NULL,0,'','',1,'',0),(1862,'','2017CP667','81007135','','','',NULL,NULL,NULL,NULL,NULL,NULL,NULL,NULL,NULL,0,'','',1,'',0),(1863,'','2017CP668','34518837','','','',NULL,NULL,NULL,NULL,NULL,NULL,NULL,NULL,NULL,0,'','',1,'',0),(1864,'','2017CP669','91456450','','','',NULL,NULL,NULL,NULL,NULL,NULL,NULL,NULL,NULL,0,'','',1,'',0),(1865,'','2017CP670','49851004','','','',NULL,NULL,NULL,NULL,NULL,NULL,NULL,NULL,NULL,0,'','',1,'',0),(1866,'','2017CP671','46220600','','','',NULL,NULL,NULL,NULL,NULL,NULL,NULL,NULL,NULL,0,'','',1,'',0),(1867,'','2017CP672','93422936','','','',NULL,NULL,NULL,NULL,NULL,NULL,NULL,NULL,NULL,0,'','',1,'',0),(1868,'','2017CP673','17181787','','','',NULL,NULL,NULL,NULL,NULL,NULL,NULL,NULL,NULL,0,'','',1,'',0),(1869,'','2017CP674','70442069','','','',NULL,NULL,NULL,NULL,NULL,NULL,NULL,NULL,NULL,0,'','',1,'',0),(1870,'','2017CP675','36466643','','','',NULL,NULL,NULL,NULL,NULL,NULL,NULL,NULL,NULL,0,'','',1,'',0),(1871,'','2017CP676','79903368','','','',NULL,NULL,NULL,NULL,NULL,NULL,NULL,NULL,NULL,0,'','',1,'',0),(1872,'','2017CP677','41324131','','','',NULL,NULL,NULL,NULL,NULL,NULL,NULL,NULL,NULL,0,'','',1,'',0),(1873,'','2017CP678','61318049','','','',NULL,NULL,NULL,NULL,NULL,NULL,NULL,NULL,NULL,0,'','',1,'',0),(1874,'','2017CP679','46458346','','','',NULL,NULL,NULL,NULL,NULL,NULL,NULL,NULL,NULL,0,'','',1,'',0),(1875,'','2017CP680','29834741','','','',NULL,NULL,NULL,NULL,NULL,NULL,NULL,NULL,NULL,0,'','',1,'',0),(1876,'','2017CP681','36607243','','','',NULL,NULL,NULL,NULL,NULL,NULL,NULL,NULL,NULL,0,'','',1,'',0),(1877,'','2017CP682','20561075','','','',NULL,NULL,NULL,NULL,NULL,NULL,NULL,NULL,NULL,0,'','',1,'',0),(1878,'','2017CP683','60815805','','','',NULL,NULL,NULL,NULL,NULL,NULL,NULL,NULL,NULL,0,'','',1,'',0),(1879,'','2017CP684','83052860','','','',NULL,NULL,NULL,NULL,NULL,NULL,NULL,NULL,NULL,0,'','',1,'',0),(1880,'','2017CP685','96859317','','','',NULL,NULL,NULL,NULL,NULL,NULL,NULL,NULL,NULL,0,'','',1,'',0),(1881,'','2017CP686','45224610','','','',NULL,NULL,NULL,NULL,NULL,NULL,NULL,NULL,NULL,0,'','',1,'',0),(1882,'','2017CP687','16532580','','','',NULL,NULL,NULL,NULL,NULL,NULL,NULL,NULL,NULL,0,'','',1,'',0),(1883,'','2017CP688','22291359','','','',NULL,NULL,NULL,NULL,NULL,NULL,NULL,NULL,NULL,0,'','',1,'',0),(1884,'','2017CP689','69233524','','','',NULL,NULL,NULL,NULL,NULL,NULL,NULL,NULL,NULL,0,'','',1,'',0),(1885,'','2017CP690','99808485','','','',NULL,NULL,NULL,NULL,NULL,NULL,NULL,NULL,NULL,0,'','',1,'',0),(1886,'','2017CP691','27700227','','','',NULL,NULL,NULL,NULL,NULL,NULL,NULL,NULL,NULL,0,'','',1,'',0),(1887,'','2017CP692','23867234','','','',NULL,NULL,NULL,NULL,NULL,NULL,NULL,NULL,NULL,0,'','',1,'',0),(1888,'','2017CP693','39134780','','','',NULL,NULL,NULL,NULL,NULL,NULL,NULL,NULL,NULL,0,'','',1,'',0),(1889,'','2017CP694','34676396','','','',NULL,NULL,NULL,NULL,NULL,NULL,NULL,NULL,NULL,0,'','',1,'',0),(1890,'','2017CP695','72032781','','','',NULL,NULL,NULL,NULL,NULL,NULL,NULL,NULL,NULL,0,'','',1,'',0),(1891,'','2017CP696','39350032','','','',NULL,NULL,NULL,NULL,NULL,NULL,NULL,NULL,NULL,0,'','',1,'',0),(1892,'','2017CP697','58887514','','','',NULL,NULL,NULL,NULL,NULL,NULL,NULL,NULL,NULL,0,'','',1,'',0),(1893,'','2017CP698','10284832','','','',NULL,NULL,NULL,NULL,NULL,NULL,NULL,NULL,NULL,0,'','',1,'',0),(1894,'','2017CP699','78494869','','','',NULL,NULL,NULL,NULL,NULL,NULL,NULL,NULL,NULL,0,'','',1,'',0),(1895,'','2017CP700','32425647','','','',NULL,NULL,NULL,NULL,NULL,NULL,NULL,NULL,NULL,0,'','',1,'',0),(1896,'','2017CP701','45159741','','','',NULL,NULL,NULL,NULL,NULL,NULL,NULL,NULL,NULL,0,'','',1,'',0),(1897,'','2017CP702','45230575','','','',NULL,NULL,NULL,NULL,NULL,NULL,NULL,NULL,NULL,0,'','',1,'',0),(1898,'','2017CP703','72013855','','','',NULL,NULL,NULL,NULL,NULL,NULL,NULL,NULL,NULL,0,'','',1,'',0),(1899,'','2017CP704','39282830','','','',NULL,NULL,NULL,NULL,NULL,NULL,NULL,NULL,NULL,0,'','',1,'',0),(1900,'','2017CP705','79115519','','','',NULL,NULL,NULL,NULL,NULL,NULL,NULL,NULL,NULL,0,'','',1,'',0),(1901,'','2017CP706','41628145','','','',NULL,NULL,NULL,NULL,NULL,NULL,NULL,NULL,NULL,0,'','',1,'',0),(1902,'','2017CP707','72069561','','','',NULL,NULL,NULL,NULL,NULL,NULL,NULL,NULL,NULL,0,'','',1,'',0),(1903,'','2017CP708','98140240','','','',NULL,NULL,NULL,NULL,NULL,NULL,NULL,NULL,NULL,0,'','',1,'',0),(1904,'','2017CP709','79444477','','','',NULL,NULL,NULL,NULL,NULL,NULL,NULL,NULL,NULL,0,'','',1,'',0),(1905,'','2017CP710','59329366','','','',NULL,NULL,NULL,NULL,NULL,NULL,NULL,NULL,NULL,0,'','',1,'',0),(1906,'','2017CP711','32491345','','','',NULL,NULL,NULL,NULL,NULL,NULL,NULL,NULL,NULL,0,'','',1,'',0),(1907,'','2017CP712','63042035','','','',NULL,NULL,NULL,NULL,NULL,NULL,NULL,NULL,NULL,0,'','',1,'',0),(1908,'','2017CP713','68679293','','','',NULL,NULL,NULL,NULL,NULL,NULL,NULL,NULL,NULL,0,'','',1,'',0),(1909,'','2017CP714','70132290','','','',NULL,NULL,NULL,NULL,NULL,NULL,NULL,NULL,NULL,0,'','',1,'',0),(1910,'','2017CP715','37645694','','','',NULL,NULL,NULL,NULL,NULL,NULL,NULL,NULL,NULL,0,'','',1,'',0),(1911,'','2017CP716','64187387','','','',NULL,NULL,NULL,NULL,NULL,NULL,NULL,NULL,NULL,0,'','',1,'',0),(1912,'','2017CP717','47930550','','','',NULL,NULL,NULL,NULL,NULL,NULL,NULL,NULL,NULL,0,'','',1,'',0),(1913,'','2017CP718','83437570','','','',NULL,NULL,NULL,NULL,NULL,NULL,NULL,NULL,NULL,0,'','',1,'',0),(1914,'','2017CP719','99331655','','','',NULL,NULL,NULL,NULL,NULL,NULL,NULL,NULL,NULL,0,'','',1,'',0),(1915,'','2017CP720','53900384','','','',NULL,NULL,NULL,NULL,NULL,NULL,NULL,NULL,NULL,0,'','',1,'',0),(1916,'','2017CP721','40428679','','','',NULL,NULL,NULL,NULL,NULL,NULL,NULL,NULL,NULL,0,'','',1,'',0),(1917,'','2017CP722','92881834','','','',NULL,NULL,NULL,NULL,NULL,NULL,NULL,NULL,NULL,0,'','',1,'',0),(1918,'','2017CP723','27480247','','','',NULL,NULL,NULL,NULL,NULL,NULL,NULL,NULL,NULL,0,'','',1,'',0),(1919,'','2017CP724','41154171','','','',NULL,NULL,NULL,NULL,NULL,NULL,NULL,NULL,NULL,0,'','',1,'',0),(1920,'','2017CP725','87193515','','','',NULL,NULL,NULL,NULL,NULL,NULL,NULL,NULL,NULL,0,'','',1,'',0),(1921,'','2017CP726','60095884','','','',NULL,NULL,NULL,NULL,NULL,NULL,NULL,NULL,NULL,0,'','',1,'',0),(1922,'','2017CP727','21480374','','','',NULL,NULL,NULL,NULL,NULL,NULL,NULL,NULL,NULL,0,'','',1,'',0),(1923,'','2017CP728','73656940','','','',NULL,NULL,NULL,NULL,NULL,NULL,NULL,NULL,NULL,0,'','',1,'',0),(1924,'','2017CP729','85253914','','','',NULL,NULL,NULL,NULL,NULL,NULL,NULL,NULL,NULL,0,'','',1,'',0),(1925,'','2017CP730','62046877','','','',NULL,NULL,NULL,NULL,NULL,NULL,NULL,NULL,NULL,0,'','',1,'',0),(1926,'','2017CP731','17647068','','','',NULL,NULL,NULL,NULL,NULL,NULL,NULL,NULL,NULL,0,'','',1,'',0),(1927,'','2017CP732','75477939','','','',NULL,NULL,NULL,NULL,NULL,NULL,NULL,NULL,NULL,0,'','',1,'',0),(1928,'','2017CP733','29068859','','','',NULL,NULL,NULL,NULL,NULL,NULL,NULL,NULL,NULL,0,'','',1,'',0),(1929,'','2017CP734','96220055','','','',NULL,NULL,NULL,NULL,NULL,NULL,NULL,NULL,NULL,0,'','',1,'',0),(1930,'','2017CP735','85543486','','','',NULL,NULL,NULL,NULL,NULL,NULL,NULL,NULL,NULL,0,'','',1,'',0),(1931,'','2017CP736','70476698','','','',NULL,NULL,NULL,NULL,NULL,NULL,NULL,NULL,NULL,0,'','',1,'',0),(1932,'','2017CP737','22623212','','','',NULL,NULL,NULL,NULL,NULL,NULL,NULL,NULL,NULL,0,'','',1,'',0),(1933,'','2017CP738','82473491','','','',NULL,NULL,NULL,NULL,NULL,NULL,NULL,NULL,NULL,0,'','',1,'',0),(1934,'','2017CP739','57408699','','','',NULL,NULL,NULL,NULL,NULL,NULL,NULL,NULL,NULL,0,'','',1,'',0),(1935,'','2017CP740','75629841','','','',NULL,NULL,NULL,NULL,NULL,NULL,NULL,NULL,NULL,0,'','',1,'',0),(1936,'','2017CP741','52887709','','','',NULL,NULL,NULL,NULL,NULL,NULL,NULL,NULL,NULL,0,'','',1,'',0),(1937,'','2017CP742','73915861','','','',NULL,NULL,NULL,NULL,NULL,NULL,NULL,NULL,NULL,0,'','',1,'',0),(1938,'','2017CP743','83452717','','','',NULL,NULL,NULL,NULL,NULL,NULL,NULL,NULL,NULL,0,'','',1,'',0),(1939,'','2017CP744','78676650','','','',NULL,NULL,NULL,NULL,NULL,NULL,NULL,NULL,NULL,0,'','',1,'',0),(1940,'','2017CP745','89314942','','','',NULL,NULL,NULL,NULL,NULL,NULL,NULL,NULL,NULL,0,'','',1,'',0),(1941,'','2017CP746','62216849','','','',NULL,NULL,NULL,NULL,NULL,NULL,NULL,NULL,NULL,0,'','',1,'',0),(1942,'','2017CP747','79851568','','','',NULL,NULL,NULL,NULL,NULL,NULL,NULL,NULL,NULL,0,'','',1,'',0),(1943,'','2017CP748','97391406','','','',NULL,NULL,NULL,NULL,NULL,NULL,NULL,NULL,NULL,0,'','',1,'',0),(1944,'','2017CP749','58803454','','','',NULL,NULL,NULL,NULL,NULL,NULL,NULL,NULL,NULL,0,'','',1,'',0),(1945,'','2017CP750','81932359','','','',NULL,NULL,NULL,NULL,NULL,NULL,NULL,NULL,NULL,0,'','',1,'',0),(1946,'','2017CP751','32440069','','','',NULL,NULL,NULL,NULL,NULL,NULL,NULL,NULL,NULL,0,'','',1,'',0),(1947,'','2017CP752','97887466','','','',NULL,NULL,NULL,NULL,NULL,NULL,NULL,NULL,NULL,0,'','',1,'',0),(1948,'','2017CP753','14038579','','','',NULL,NULL,NULL,NULL,NULL,NULL,NULL,NULL,NULL,0,'','',1,'',0),(1949,'','2017CP754','43877673','','','',NULL,NULL,NULL,NULL,NULL,NULL,NULL,NULL,NULL,0,'','',1,'',0),(1950,'','2017CP755','24345787','','','',NULL,NULL,NULL,NULL,NULL,NULL,NULL,NULL,NULL,0,'','',1,'',0),(1951,'','2017CP756','93302224','','','',NULL,NULL,NULL,NULL,NULL,NULL,NULL,NULL,NULL,0,'','',1,'',0),(1952,'','2017CP757','75294696','','','',NULL,NULL,NULL,NULL,NULL,NULL,NULL,NULL,NULL,0,'','',1,'',0),(1953,'','2017CP758','40813057','','','',NULL,NULL,NULL,NULL,NULL,NULL,NULL,NULL,NULL,0,'','',1,'',0),(1954,'','2017CP759','96674983','','','',NULL,NULL,NULL,NULL,NULL,NULL,NULL,NULL,NULL,0,'','',1,'',0),(1955,'','2017CP760','39563139','','','',NULL,NULL,NULL,NULL,NULL,NULL,NULL,NULL,NULL,0,'','',1,'',0),(1956,'','2017CP761','76357056','','','',NULL,NULL,NULL,NULL,NULL,NULL,NULL,NULL,NULL,0,'','',1,'',0),(1957,'','2017CP762','98117725','','','',NULL,NULL,NULL,NULL,NULL,NULL,NULL,NULL,NULL,0,'','',1,'',0),(1958,'','2017CP763','55575968','','','',NULL,NULL,NULL,NULL,NULL,NULL,NULL,NULL,NULL,0,'','',1,'',0),(1959,'','2017CP764','17225600','','','',NULL,NULL,NULL,NULL,NULL,NULL,NULL,NULL,NULL,0,'','',1,'',0),(1960,'','2017CP765','27523956','','','',NULL,NULL,NULL,NULL,NULL,NULL,NULL,NULL,NULL,0,'','',1,'',0),(1961,'','2017CP766','16654556','','','',NULL,NULL,NULL,NULL,NULL,NULL,NULL,NULL,NULL,0,'','',1,'',0),(1962,'','2017CP767','59517575','','','',NULL,NULL,NULL,NULL,NULL,NULL,NULL,NULL,NULL,0,'','',1,'',0),(1963,'','2017CP768','15477629','','','',NULL,NULL,NULL,NULL,NULL,NULL,NULL,NULL,NULL,0,'','',1,'',0),(1964,'','2017CP769','26888436','','','',NULL,NULL,NULL,NULL,NULL,NULL,NULL,NULL,NULL,0,'','',1,'',0),(1965,'','2017CP770','75184948','','','',NULL,NULL,NULL,NULL,NULL,NULL,NULL,NULL,NULL,0,'','',1,'',0),(1966,'','2017CP771','13178962','','','',NULL,NULL,NULL,NULL,NULL,NULL,NULL,NULL,NULL,0,'','',1,'',0),(1967,'','2017CP772','65495030','','','',NULL,NULL,NULL,NULL,NULL,NULL,NULL,NULL,NULL,0,'','',1,'',0),(1968,'','2017CP773','58161952','','','',NULL,NULL,NULL,NULL,NULL,NULL,NULL,NULL,NULL,0,'','',1,'',0),(1969,'','2017CP774','19868841','','','',NULL,NULL,NULL,NULL,NULL,NULL,NULL,NULL,NULL,0,'','',1,'',0),(1970,'','2017CP775','26025283','','','',NULL,NULL,NULL,NULL,NULL,NULL,NULL,NULL,NULL,0,'','',1,'',0),(1971,'','2017CP776','49186632','','','',NULL,NULL,NULL,NULL,NULL,NULL,NULL,NULL,NULL,0,'','',1,'',0),(1972,'','2017CP777','97133887','','','',NULL,NULL,NULL,NULL,NULL,NULL,NULL,NULL,NULL,0,'','',1,'',0),(1973,'','2017CP778','70886413','','','',NULL,NULL,NULL,NULL,NULL,NULL,NULL,NULL,NULL,0,'','',1,'',0),(1974,'','2017CP779','99457553','','','',NULL,NULL,NULL,NULL,NULL,NULL,NULL,NULL,NULL,0,'','',1,'',0),(1975,'','2017CP780','78663328','','','',NULL,NULL,NULL,NULL,NULL,NULL,NULL,NULL,NULL,0,'','',1,'',0),(1976,'','2017CP781','88658306','','','',NULL,NULL,NULL,NULL,NULL,NULL,NULL,NULL,NULL,0,'','',1,'',0),(1977,'','2017CP782','19214307','','','',NULL,NULL,NULL,NULL,NULL,NULL,NULL,NULL,NULL,0,'','',1,'',0),(1978,'','2017CP783','97113613','','','',NULL,NULL,NULL,NULL,NULL,NULL,NULL,NULL,NULL,0,'','',1,'',0),(1979,'','2017CP784','72614678','','','',NULL,NULL,NULL,NULL,NULL,NULL,NULL,NULL,NULL,0,'','',1,'',0),(1980,'','2017CP785','97428737','','','',NULL,NULL,NULL,NULL,NULL,NULL,NULL,NULL,NULL,0,'','',1,'',0),(1981,'','2017CP786','34827371','','','',NULL,NULL,NULL,NULL,NULL,NULL,NULL,NULL,NULL,0,'','',1,'',0),(1982,'','2017CP787','34460488','','','',NULL,NULL,NULL,NULL,NULL,NULL,NULL,NULL,NULL,0,'','',1,'',0),(1983,'','2017CP788','54536921','','','',NULL,NULL,NULL,NULL,NULL,NULL,NULL,NULL,NULL,0,'','',1,'',0),(1984,'','2017CP789','48752484','','','',NULL,NULL,NULL,NULL,NULL,NULL,NULL,NULL,NULL,0,'','',1,'',0),(1985,'','2017CP790','25205968','','','',NULL,NULL,NULL,NULL,NULL,NULL,NULL,NULL,NULL,0,'','',1,'',0),(1986,'','2017CP791','33461481','','','',NULL,NULL,NULL,NULL,NULL,NULL,NULL,NULL,NULL,0,'','',1,'',0),(1987,'','2017CP792','17456495','','','',NULL,NULL,NULL,NULL,NULL,NULL,NULL,NULL,NULL,0,'','',1,'',0),(1988,'','2017CP793','37006379','','','',NULL,NULL,NULL,NULL,NULL,NULL,NULL,NULL,NULL,0,'','',1,'',0),(1989,'','2017CP794','48451808','','','',NULL,NULL,NULL,NULL,NULL,NULL,NULL,NULL,NULL,0,'','',1,'',0),(1990,'','2017CP795','33978433','','','',NULL,NULL,NULL,NULL,NULL,NULL,NULL,NULL,NULL,0,'','',1,'',0),(1991,'','2017CP796','55479884','','','',NULL,NULL,NULL,NULL,NULL,NULL,NULL,NULL,NULL,0,'','',1,'',0),(1992,'','2017CP797','14400424','','','',NULL,NULL,NULL,NULL,NULL,NULL,NULL,NULL,NULL,0,'','',1,'',0),(1993,'','2017CP798','29883618','','','',NULL,NULL,NULL,NULL,NULL,NULL,NULL,NULL,NULL,0,'','',1,'',0),(1994,'','2017CP799','20825752','','','',NULL,NULL,NULL,NULL,NULL,NULL,NULL,NULL,NULL,0,'','',1,'',0),(1995,'','2017CP800','74596852','','','',NULL,NULL,NULL,NULL,NULL,NULL,NULL,NULL,NULL,0,'','',1,'',0),(1996,'','2017CP801','66495646','','','',NULL,NULL,NULL,NULL,NULL,NULL,NULL,NULL,NULL,0,'','',1,'',0),(1997,'','2017CP802','28633812','','','',NULL,NULL,NULL,NULL,NULL,NULL,NULL,NULL,NULL,0,'','',1,'',0),(1998,'','2017CP803','28573931','','','',NULL,NULL,NULL,NULL,NULL,NULL,NULL,NULL,NULL,0,'','',1,'',0),(1999,'','2017CP804','40624300','','','',NULL,NULL,NULL,NULL,NULL,NULL,NULL,NULL,NULL,0,'','',1,'',0),(2000,'','2017CP805','26835854','','','',NULL,NULL,NULL,NULL,NULL,NULL,NULL,NULL,NULL,0,'','',1,'',0),(2001,'','2017CP806','47816853','','','',NULL,NULL,NULL,NULL,NULL,NULL,NULL,NULL,NULL,0,'','',1,'',0),(2002,'','2017CP807','20825422','','','',NULL,NULL,NULL,NULL,NULL,NULL,NULL,NULL,NULL,0,'','',1,'',0),(2003,'','2017CP808','18121591','','','',NULL,NULL,NULL,NULL,NULL,NULL,NULL,NULL,NULL,0,'','',1,'',0),(2004,'','2017CP809','89359286','','','',NULL,NULL,NULL,NULL,NULL,NULL,NULL,NULL,NULL,0,'','',1,'',0),(2005,'','2017CP810','65707125','','','',NULL,NULL,NULL,NULL,NULL,NULL,NULL,NULL,NULL,0,'','',1,'',0),(2006,'','2017CP811','91039275','','','',NULL,NULL,NULL,NULL,NULL,NULL,NULL,NULL,NULL,0,'','',1,'',0),(2007,'','2017CP812','44779539','','','',NULL,NULL,NULL,NULL,NULL,NULL,NULL,NULL,NULL,0,'','',1,'',0),(2008,'','2017CP813','39419960','','','',NULL,NULL,NULL,NULL,NULL,NULL,NULL,NULL,NULL,0,'','',1,'',0),(2009,'','2017CP814','87961526','','','',NULL,NULL,NULL,NULL,NULL,NULL,NULL,NULL,NULL,0,'','',1,'',0),(2010,'','2017CP815','26961451','','','',NULL,NULL,NULL,NULL,NULL,NULL,NULL,NULL,NULL,0,'','',1,'',0),(2011,'','2017CP816','15320990','','','',NULL,NULL,NULL,NULL,NULL,NULL,NULL,NULL,NULL,0,'','',1,'',0),(2012,'','2017CP817','44466318','','','',NULL,NULL,NULL,NULL,NULL,NULL,NULL,NULL,NULL,0,'','',1,'',0),(2013,'','2017CP818','48605083','','','',NULL,NULL,NULL,NULL,NULL,NULL,NULL,NULL,NULL,0,'','',1,'',0),(2014,'','2017CP819','15468236','','','',NULL,NULL,NULL,NULL,NULL,NULL,NULL,NULL,NULL,0,'','',1,'',0),(2015,'','2017CP820','28638014','','','',NULL,NULL,NULL,NULL,NULL,NULL,NULL,NULL,NULL,0,'','',1,'',0),(2016,'','2017CP821','89129114','','','',NULL,NULL,NULL,NULL,NULL,NULL,NULL,NULL,NULL,0,'','',1,'',0),(2017,'','2017CP822','77773524','','','',NULL,NULL,NULL,NULL,NULL,NULL,NULL,NULL,NULL,0,'','',1,'',0),(2018,'','2017CP823','34125839','','','',NULL,NULL,NULL,NULL,NULL,NULL,NULL,NULL,NULL,0,'','',1,'',0),(2019,'','2017CP824','70748747','','','',NULL,NULL,NULL,NULL,NULL,NULL,NULL,NULL,NULL,0,'','',1,'',0),(2020,'','2017CP825','86977008','','','',NULL,NULL,NULL,NULL,NULL,NULL,NULL,NULL,NULL,0,'','',1,'',0),(2021,'','2017CP826','97068573','','','',NULL,NULL,NULL,NULL,NULL,NULL,NULL,NULL,NULL,0,'','',1,'',0),(2022,'','2017CP827','35838840','','','',NULL,NULL,NULL,NULL,NULL,NULL,NULL,NULL,NULL,0,'','',1,'',0),(2023,'','2017CP828','17433936','','','',NULL,NULL,NULL,NULL,NULL,NULL,NULL,NULL,NULL,0,'','',1,'',0),(2024,'','2017CP829','15500613','','','',NULL,NULL,NULL,NULL,NULL,NULL,NULL,NULL,NULL,0,'','',1,'',0),(2025,'','2017CP830','45430438','','','',NULL,NULL,NULL,NULL,NULL,NULL,NULL,NULL,NULL,0,'','',1,'',0),(2026,'','2017CP831','95013452','','','',NULL,NULL,NULL,NULL,NULL,NULL,NULL,NULL,NULL,0,'','',1,'',0),(2027,'','2017CP832','88130185','','','',NULL,NULL,NULL,NULL,NULL,NULL,NULL,NULL,NULL,0,'','',1,'',0),(2028,'','2017CP833','91776345','','','',NULL,NULL,NULL,NULL,NULL,NULL,NULL,NULL,NULL,0,'','',1,'',0),(2029,'','2017CP834','71313333','','','',NULL,NULL,NULL,NULL,NULL,NULL,NULL,NULL,NULL,0,'','',1,'',0),(2030,'','2017CP835','97060889','','','',NULL,NULL,NULL,NULL,NULL,NULL,NULL,NULL,NULL,0,'','',1,'',0),(2031,'','2017CP836','42016796','','','',NULL,NULL,NULL,NULL,NULL,NULL,NULL,NULL,NULL,0,'','',1,'',0),(2032,'','2017CP837','26289990','','','',NULL,NULL,NULL,NULL,NULL,NULL,NULL,NULL,NULL,0,'','',1,'',0),(2033,'','2017CP838','33462119','','','',NULL,NULL,NULL,NULL,NULL,NULL,NULL,NULL,NULL,0,'','',1,'',0),(2034,'','2017CP839','54063260','','','',NULL,NULL,NULL,NULL,NULL,NULL,NULL,NULL,NULL,0,'','',1,'',0),(2035,'','2017CP840','23951062','','','',NULL,NULL,NULL,NULL,NULL,NULL,NULL,NULL,NULL,0,'','',1,'',0),(2036,'','2017CP841','70604284','','','',NULL,NULL,NULL,NULL,NULL,NULL,NULL,NULL,NULL,0,'','',1,'',0),(2037,'','2017CP842','20202391','','','',NULL,NULL,NULL,NULL,NULL,NULL,NULL,NULL,NULL,0,'','',1,'',0),(2038,'','2017CP843','34467379','','','',NULL,NULL,NULL,NULL,NULL,NULL,NULL,NULL,NULL,0,'','',1,'',0),(2039,'','2017CP844','12786174','','','',NULL,NULL,NULL,NULL,NULL,NULL,NULL,NULL,NULL,0,'','',1,'',0),(2040,'','2017CP845','57399860','','','',NULL,NULL,NULL,NULL,NULL,NULL,NULL,NULL,NULL,0,'','',1,'',0),(2041,'','2017CP846','72719800','','','',NULL,NULL,NULL,NULL,NULL,NULL,NULL,NULL,NULL,0,'','',1,'',0),(2042,'','2017CP847','94101975','','','',NULL,NULL,NULL,NULL,NULL,NULL,NULL,NULL,NULL,0,'','',1,'',0),(2043,'','2017CP848','76454300','','','',NULL,NULL,NULL,NULL,NULL,NULL,NULL,NULL,NULL,0,'','',1,'',0),(2044,'','2017CP849','31881152','','','',NULL,NULL,NULL,NULL,NULL,NULL,NULL,NULL,NULL,0,'','',1,'',0),(2045,'','2017CP850','99786569','','','',NULL,NULL,NULL,NULL,NULL,NULL,NULL,NULL,NULL,0,'','',1,'',0),(2046,'','2017CP851','76913345','','','',NULL,NULL,NULL,NULL,NULL,NULL,NULL,NULL,NULL,0,'','',1,'',0),(2047,'','2017CP852','21631370','','','',NULL,NULL,NULL,NULL,NULL,NULL,NULL,NULL,NULL,0,'','',1,'',0),(2048,'','2017CP853','44356798','','','',NULL,NULL,NULL,NULL,NULL,NULL,NULL,NULL,NULL,0,'','',1,'',0),(2049,'','2017CP854','17838412','','','',NULL,NULL,NULL,NULL,NULL,NULL,NULL,NULL,NULL,0,'','',1,'',0),(2050,'','2017CP855','47887905','','','',NULL,NULL,NULL,NULL,NULL,NULL,NULL,NULL,NULL,0,'','',1,'',0),(2051,'','2017CP856','37950894','','','',NULL,NULL,NULL,NULL,NULL,NULL,NULL,NULL,NULL,0,'','',1,'',0),(2052,'','2017CP857','28623815','','','',NULL,NULL,NULL,NULL,NULL,NULL,NULL,NULL,NULL,0,'','',1,'',0),(2053,'','2017CP858','56159281','','','',NULL,NULL,NULL,NULL,NULL,NULL,NULL,NULL,NULL,0,'','',1,'',0),(2054,'','2017CP859','89842331','','','',NULL,NULL,NULL,NULL,NULL,NULL,NULL,NULL,NULL,0,'','',1,'',0),(2055,'','2017CP860','29473250','','','',NULL,NULL,NULL,NULL,NULL,NULL,NULL,NULL,NULL,0,'','',1,'',0),(2056,'','2017CP861','75341554','','','',NULL,NULL,NULL,NULL,NULL,NULL,NULL,NULL,NULL,0,'','',1,'',0),(2057,'','2017CP862','28440409','','','',NULL,NULL,NULL,NULL,NULL,NULL,NULL,NULL,NULL,0,'','',1,'',0),(2058,'','2017CP863','73797575','','','',NULL,NULL,NULL,NULL,NULL,NULL,NULL,NULL,NULL,0,'','',1,'',0),(2059,'','2017CP864','15020184','','','',NULL,NULL,NULL,NULL,NULL,NULL,NULL,NULL,NULL,0,'','',1,'',0),(2060,'','2017CP865','92849671','','','',NULL,NULL,NULL,NULL,NULL,NULL,NULL,NULL,NULL,0,'','',1,'',0),(2061,'','2017CP866','48631250','','','',NULL,NULL,NULL,NULL,NULL,NULL,NULL,NULL,NULL,0,'','',1,'',0),(2062,'','2017CP867','40913395','','','',NULL,NULL,NULL,NULL,NULL,NULL,NULL,NULL,NULL,0,'','',1,'',0),(2063,'','2017CP868','39812759','','','',NULL,NULL,NULL,NULL,NULL,NULL,NULL,NULL,NULL,0,'','',1,'',0),(2064,'','2017CP869','76698773','','','',NULL,NULL,NULL,NULL,NULL,NULL,NULL,NULL,NULL,0,'','',1,'',0),(2065,'','2017CP870','68471614','','','',NULL,NULL,NULL,NULL,NULL,NULL,NULL,NULL,NULL,0,'','',1,'',0),(2066,'','2017CP871','58143893','','','',NULL,NULL,NULL,NULL,NULL,NULL,NULL,NULL,NULL,0,'','',1,'',0),(2067,'','2017CP872','37139812','','','',NULL,NULL,NULL,NULL,NULL,NULL,NULL,NULL,NULL,0,'','',1,'',0),(2068,'','2017CP873','43619715','','','',NULL,NULL,NULL,NULL,NULL,NULL,NULL,NULL,NULL,0,'','',1,'',0),(2069,'','2017CP874','42164824','','','',NULL,NULL,NULL,NULL,NULL,NULL,NULL,NULL,NULL,0,'','',1,'',0),(2070,'','2017CP875','64313184','','','',NULL,NULL,NULL,NULL,NULL,NULL,NULL,NULL,NULL,0,'','',1,'',0),(2071,'','2017CP876','72838766','','','',NULL,NULL,NULL,NULL,NULL,NULL,NULL,NULL,NULL,0,'','',1,'',0),(2072,'','2017CP877','72797601','','','',NULL,NULL,NULL,NULL,NULL,NULL,NULL,NULL,NULL,0,'','',1,'',0),(2073,'','2017CP878','56550389','','','',NULL,NULL,NULL,NULL,NULL,NULL,NULL,NULL,NULL,0,'','',1,'',0),(2074,'','2017CP879','94093482','','','',NULL,NULL,NULL,NULL,NULL,NULL,NULL,NULL,NULL,0,'','',1,'',0),(2075,'','2017CP880','39200909','','','',NULL,NULL,NULL,NULL,NULL,NULL,NULL,NULL,NULL,0,'','',1,'',0),(2076,'','2017CP881','16102929','','','',NULL,NULL,NULL,NULL,NULL,NULL,NULL,NULL,NULL,0,'','',1,'',0),(2077,'','2017CP882','99977931','','','',NULL,NULL,NULL,NULL,NULL,NULL,NULL,NULL,NULL,0,'','',1,'',0),(2078,'','2017CP883','71003808','','','',NULL,NULL,NULL,NULL,NULL,NULL,NULL,NULL,NULL,0,'','',1,'',0),(2079,'','2017CP884','10077001','','','',NULL,NULL,NULL,NULL,NULL,NULL,NULL,NULL,NULL,0,'','',1,'',0),(2080,'','2017CP885','12772516','','','',NULL,NULL,NULL,NULL,NULL,NULL,NULL,NULL,NULL,0,'','',1,'',0),(2081,'','2017CP886','17349170','','','',NULL,NULL,NULL,NULL,NULL,NULL,NULL,NULL,NULL,0,'','',1,'',0),(2082,'','2017CP887','83549222','','','',NULL,NULL,NULL,NULL,NULL,NULL,NULL,NULL,NULL,0,'','',1,'',0),(2083,'','2017CP888','42642295','','','',NULL,NULL,NULL,NULL,NULL,NULL,NULL,NULL,NULL,0,'','',1,'',0),(2084,'','2017CP889','33023871','','','',NULL,NULL,NULL,NULL,NULL,NULL,NULL,NULL,NULL,0,'','',1,'',0),(2085,'','2017CP890','61201317','','','',NULL,NULL,NULL,NULL,NULL,NULL,NULL,NULL,NULL,0,'','',1,'',0),(2086,'','2017CP891','39959944','','','',NULL,NULL,NULL,NULL,NULL,NULL,NULL,NULL,NULL,0,'','',1,'',0),(2087,'','2017CP892','56735328','','','',NULL,NULL,NULL,NULL,NULL,NULL,NULL,NULL,NULL,0,'','',1,'',0),(2088,'','2017CP893','77328593','','','',NULL,NULL,NULL,NULL,NULL,NULL,NULL,NULL,NULL,0,'','',1,'',0),(2089,'','2017CP894','83765862','','','',NULL,NULL,NULL,NULL,NULL,NULL,NULL,NULL,NULL,0,'','',1,'',0),(2090,'','2017CP895','32995188','','','',NULL,NULL,NULL,NULL,NULL,NULL,NULL,NULL,NULL,0,'','',1,'',0),(2091,'','2017CP896','69975113','','','',NULL,NULL,NULL,NULL,NULL,NULL,NULL,NULL,NULL,0,'','',1,'',0),(2092,'','2017CP897','37863240','','','',NULL,NULL,NULL,NULL,NULL,NULL,NULL,NULL,NULL,0,'','',1,'',0),(2093,'','2017CP898','65401785','','','',NULL,NULL,NULL,NULL,NULL,NULL,NULL,NULL,NULL,0,'','',1,'',0),(2094,'','2017CP899','42109082','','','',NULL,NULL,NULL,NULL,NULL,NULL,NULL,NULL,NULL,0,'','',1,'',0),(2095,'','2017CP900','33090127','','','',NULL,NULL,NULL,NULL,NULL,NULL,NULL,NULL,NULL,0,'','',1,'',0),(2096,'','2017CP901','75729509','','','',NULL,NULL,NULL,NULL,NULL,NULL,NULL,NULL,NULL,0,'','',1,'',0),(2097,'','2017CP902','99724312','','','',NULL,NULL,NULL,NULL,NULL,NULL,NULL,NULL,NULL,0,'','',1,'',0),(2098,'','2017CP903','65149615','','','',NULL,NULL,NULL,NULL,NULL,NULL,NULL,NULL,NULL,0,'','',1,'',0),(2099,'','2017CP904','60943154','','','',NULL,NULL,NULL,NULL,NULL,NULL,NULL,NULL,NULL,0,'','',1,'',0),(2100,'','2017CP905','67838398','','','',NULL,NULL,NULL,NULL,NULL,NULL,NULL,NULL,NULL,0,'','',1,'',0),(2101,'','2017CP906','85229380','','','',NULL,NULL,NULL,NULL,NULL,NULL,NULL,NULL,NULL,0,'','',1,'',0),(2102,'','2017CP907','54193698','','','',NULL,NULL,NULL,NULL,NULL,NULL,NULL,NULL,NULL,0,'','',1,'',0),(2103,'','2017CP908','76598246','','','',NULL,NULL,NULL,NULL,NULL,NULL,NULL,NULL,NULL,0,'','',1,'',0),(2104,'','2017CP909','54499188','','','',NULL,NULL,NULL,NULL,NULL,NULL,NULL,NULL,NULL,0,'','',1,'',0),(2105,'','2017CP910','38321739','','','',NULL,NULL,NULL,NULL,NULL,NULL,NULL,NULL,NULL,0,'','',1,'',0),(2106,'','2017CP911','60617750','','','',NULL,NULL,NULL,NULL,NULL,NULL,NULL,NULL,NULL,0,'','',1,'',0),(2107,'','2017CP912','39576224','','','',NULL,NULL,NULL,NULL,NULL,NULL,NULL,NULL,NULL,0,'','',1,'',0),(2108,'','2017CP913','27381551','','','',NULL,NULL,NULL,NULL,NULL,NULL,NULL,NULL,NULL,0,'','',1,'',0),(2109,'','2017CP914','86703360','','','',NULL,NULL,NULL,NULL,NULL,NULL,NULL,NULL,NULL,0,'','',1,'',0),(2110,'','2017CP915','18916200','','','',NULL,NULL,NULL,NULL,NULL,NULL,NULL,NULL,NULL,0,'','',1,'',0),(2111,'','2017CP916','56476694','','','',NULL,NULL,NULL,NULL,NULL,NULL,NULL,NULL,NULL,0,'','',1,'',0),(2112,'','2017CP917','53215089','','','',NULL,NULL,NULL,NULL,NULL,NULL,NULL,NULL,NULL,0,'','',1,'',0),(2113,'','2017CP918','20960349','','','',NULL,NULL,NULL,NULL,NULL,NULL,NULL,NULL,NULL,0,'','',1,'',0),(2114,'','2017CP919','97905693','','','',NULL,NULL,NULL,NULL,NULL,NULL,NULL,NULL,NULL,0,'','',1,'',0),(2115,'','2017CP920','65261881','','','',NULL,NULL,NULL,NULL,NULL,NULL,NULL,NULL,NULL,0,'','',1,'',0),(2116,'','2017CP921','12344760','','','',NULL,NULL,NULL,NULL,NULL,NULL,NULL,NULL,NULL,0,'','',1,'',0),(2117,'','2017CP922','34728052','','','',NULL,NULL,NULL,NULL,NULL,NULL,NULL,NULL,NULL,0,'','',1,'',0),(2118,'','2017CP923','23136331','','','',NULL,NULL,NULL,NULL,NULL,NULL,NULL,NULL,NULL,0,'','',1,'',0),(2119,'','2017CP924','37343025','','','',NULL,NULL,NULL,NULL,NULL,NULL,NULL,NULL,NULL,0,'','',1,'',0),(2120,'','2017CP925','82168246','','','',NULL,NULL,NULL,NULL,NULL,NULL,NULL,NULL,NULL,0,'','',1,'',0),(2121,'','2017CP926','52794383','','','',NULL,NULL,NULL,NULL,NULL,NULL,NULL,NULL,NULL,0,'','',1,'',0),(2122,'','2017CP927','37296888','','','',NULL,NULL,NULL,NULL,NULL,NULL,NULL,NULL,NULL,0,'','',1,'',0),(2123,'','2017CP928','30770847','','','',NULL,NULL,NULL,NULL,NULL,NULL,NULL,NULL,NULL,0,'','',1,'',0),(2124,'','2017CP929','84225924','','','',NULL,NULL,NULL,NULL,NULL,NULL,NULL,NULL,NULL,0,'','',1,'',0),(2125,'','2017CP930','46118994','','','',NULL,NULL,NULL,NULL,NULL,NULL,NULL,NULL,NULL,0,'','',1,'',0),(2126,'','2017CP931','28561201','','','',NULL,NULL,NULL,NULL,NULL,NULL,NULL,NULL,NULL,0,'','',1,'',0),(2127,'','2017CP932','55931487','','','',NULL,NULL,NULL,NULL,NULL,NULL,NULL,NULL,NULL,0,'','',1,'',0),(2128,'','2017CP933','63851248','','','',NULL,NULL,NULL,NULL,NULL,NULL,NULL,NULL,NULL,0,'','',1,'',0),(2129,'','2017CP934','21917980','','','',NULL,NULL,NULL,NULL,NULL,NULL,NULL,NULL,NULL,0,'','',1,'',0),(2130,'','2017CP935','94964138','','','',NULL,NULL,NULL,NULL,NULL,NULL,NULL,NULL,NULL,0,'','',1,'',0),(2131,'','2017CP936','79365370','','','',NULL,NULL,NULL,NULL,NULL,NULL,NULL,NULL,NULL,0,'','',1,'',0),(2132,'','2017CP937','50435730','','','',NULL,NULL,NULL,NULL,NULL,NULL,NULL,NULL,NULL,0,'','',1,'',0),(2133,'','2017CP938','60028626','','','',NULL,NULL,NULL,NULL,NULL,NULL,NULL,NULL,NULL,0,'','',1,'',0),(2134,'','2017CP939','78812461','','','',NULL,NULL,NULL,NULL,NULL,NULL,NULL,NULL,NULL,0,'','',1,'',0),(2135,'','2017CP940','29708583','','','',NULL,NULL,NULL,NULL,NULL,NULL,NULL,NULL,NULL,0,'','',1,'',0),(2136,'','2017CP941','19782240','','','',NULL,NULL,NULL,NULL,NULL,NULL,NULL,NULL,NULL,0,'','',1,'',0),(2137,'','2017CP942','14840432','','','',NULL,NULL,NULL,NULL,NULL,NULL,NULL,NULL,NULL,0,'','',1,'',0),(2138,'','2017CP943','26277897','','','',NULL,NULL,NULL,NULL,NULL,NULL,NULL,NULL,NULL,0,'','',1,'',0),(2139,'','2017CP944','96600287','','','',NULL,NULL,NULL,NULL,NULL,NULL,NULL,NULL,NULL,0,'','',1,'',0),(2140,'','2017CP945','33007592','','','',NULL,NULL,NULL,NULL,NULL,NULL,NULL,NULL,NULL,0,'','',1,'',0),(2141,'','2017CP946','71371423','','','',NULL,NULL,NULL,NULL,NULL,NULL,NULL,NULL,NULL,0,'','',1,'',0),(2142,'','2017CP947','70513707','','','',NULL,NULL,NULL,NULL,NULL,NULL,NULL,NULL,NULL,0,'','',1,'',0),(2143,'','2017CP948','28093390','','','',NULL,NULL,NULL,NULL,NULL,NULL,NULL,NULL,NULL,0,'','',1,'',0),(2144,'','2017CP949','46122898','','','',NULL,NULL,NULL,NULL,NULL,NULL,NULL,NULL,NULL,0,'','',1,'',0),(2145,'','2017CP950','73929305','','','',NULL,NULL,NULL,NULL,NULL,NULL,NULL,NULL,NULL,0,'','',1,'',0),(2146,'','2017CP951','72778927','','','',NULL,NULL,NULL,NULL,NULL,NULL,NULL,NULL,NULL,0,'','',1,'',0),(2147,'','2017CP952','39156671','','','',NULL,NULL,NULL,NULL,NULL,NULL,NULL,NULL,NULL,0,'','',1,'',0),(2148,'','2017CP953','96942692','','','',NULL,NULL,NULL,NULL,NULL,NULL,NULL,NULL,NULL,0,'','',1,'',0),(2149,'','2017CP954','38593654','','','',NULL,NULL,NULL,NULL,NULL,NULL,NULL,NULL,NULL,0,'','',1,'',0),(2150,'','2017CP955','26935091','','','',NULL,NULL,NULL,NULL,NULL,NULL,NULL,NULL,NULL,0,'','',1,'',0),(2151,'','2017CP956','40070020','','','',NULL,NULL,NULL,NULL,NULL,NULL,NULL,NULL,NULL,0,'','',1,'',0),(2152,'','2017CP957','93603967','','','',NULL,NULL,NULL,NULL,NULL,NULL,NULL,NULL,NULL,0,'','',1,'',0),(2153,'','2017CP958','71180685','','','',NULL,NULL,NULL,NULL,NULL,NULL,NULL,NULL,NULL,0,'','',1,'',0),(2154,'','2017CP959','86019357','','','',NULL,NULL,NULL,NULL,NULL,NULL,NULL,NULL,NULL,0,'','',1,'',0),(2155,'','2017CP960','35409764','','','',NULL,NULL,NULL,NULL,NULL,NULL,NULL,NULL,NULL,0,'','',1,'',0),(2156,'','2017CP961','43555892','','','',NULL,NULL,NULL,NULL,NULL,NULL,NULL,NULL,NULL,0,'','',1,'',0),(2157,'','2017CP962','80974299','','','',NULL,NULL,NULL,NULL,NULL,NULL,NULL,NULL,NULL,0,'','',1,'',0),(2158,'','2017CP963','97176060','','','',NULL,NULL,NULL,NULL,NULL,NULL,NULL,NULL,NULL,0,'','',1,'',0),(2159,'','2017CP964','77610159','','','',NULL,NULL,NULL,NULL,NULL,NULL,NULL,NULL,NULL,0,'','',1,'',0),(2160,'','2017CP965','11791474','','','',NULL,NULL,NULL,NULL,NULL,NULL,NULL,NULL,NULL,0,'','',1,'',0),(2161,'','2017CP966','27149875','','','',NULL,NULL,NULL,NULL,NULL,NULL,NULL,NULL,NULL,0,'','',1,'',0),(2162,'','2017CP967','75930932','','','',NULL,NULL,NULL,NULL,NULL,NULL,NULL,NULL,NULL,0,'','',1,'',0),(2163,'','2017CP968','26681141','','','',NULL,NULL,NULL,NULL,NULL,NULL,NULL,NULL,NULL,0,'','',1,'',0),(2164,'','2017CP969','33587514','','','',NULL,NULL,NULL,NULL,NULL,NULL,NULL,NULL,NULL,0,'','',1,'',0),(2165,'','2017CP970','33003079','','','',NULL,NULL,NULL,NULL,NULL,NULL,NULL,NULL,NULL,0,'','',1,'',0),(2166,'','2017CP971','91126567','','','',NULL,NULL,NULL,NULL,NULL,NULL,NULL,NULL,NULL,0,'','',1,'',0),(2167,'','2017CP972','91407055','','','',NULL,NULL,NULL,NULL,NULL,NULL,NULL,NULL,NULL,0,'','',1,'',0),(2168,'','2017CP973','69422335','','','',NULL,NULL,NULL,NULL,NULL,NULL,NULL,NULL,NULL,0,'','',1,'',0),(2169,'','2017CP974','26333503','','','',NULL,NULL,NULL,NULL,NULL,NULL,NULL,NULL,NULL,0,'','',1,'',0),(2170,'','2017CP975','94354086','','','',NULL,NULL,NULL,NULL,NULL,NULL,NULL,NULL,NULL,0,'','',1,'',0),(2171,'','2017CP976','32343892','','','',NULL,NULL,NULL,NULL,NULL,NULL,NULL,NULL,NULL,0,'','',1,'',0),(2172,'','2017CP977','40470556','','','',NULL,NULL,NULL,NULL,NULL,NULL,NULL,NULL,NULL,0,'','',1,'',0),(2173,'','2017CP978','44699745','','','',NULL,NULL,NULL,NULL,NULL,NULL,NULL,NULL,NULL,0,'','',1,'',0),(2174,'','2017CP979','63430658','','','',NULL,NULL,NULL,NULL,NULL,NULL,NULL,NULL,NULL,0,'','',1,'',0),(2175,'','2017CP980','62384619','','','',NULL,NULL,NULL,NULL,NULL,NULL,NULL,NULL,NULL,0,'','',1,'',0),(2176,'','2017CP981','66863718','','','',NULL,NULL,NULL,NULL,NULL,NULL,NULL,NULL,NULL,0,'','',1,'',0),(2177,'','2017CP982','60234415','','','',NULL,NULL,NULL,NULL,NULL,NULL,NULL,NULL,NULL,0,'','',1,'',0),(2178,'','2017CP983','69448935','','','',NULL,NULL,NULL,NULL,NULL,NULL,NULL,NULL,NULL,0,'','',1,'',0),(2179,'','2017CP984','68466914','','','',NULL,NULL,NULL,NULL,NULL,NULL,NULL,NULL,NULL,0,'','',1,'',0),(2180,'','2017CP985','12160430','','','',NULL,NULL,NULL,NULL,NULL,NULL,NULL,NULL,NULL,0,'','',1,'',0),(2181,'','2017CP986','94668980','','','',NULL,NULL,NULL,NULL,NULL,NULL,NULL,NULL,NULL,0,'','',1,'',0),(2182,'','2017CP987','11190898','','','',NULL,NULL,NULL,NULL,NULL,NULL,NULL,NULL,NULL,0,'','',1,'',0),(2183,'','2017CP988','18841474','','','',NULL,NULL,NULL,NULL,NULL,NULL,NULL,NULL,NULL,0,'','',1,'',0),(2184,'','2017CP989','53381317','','','',NULL,NULL,NULL,NULL,NULL,NULL,NULL,NULL,NULL,0,'','',1,'',0),(2185,'','2017CP990','64761020','','','',NULL,NULL,NULL,NULL,NULL,NULL,NULL,NULL,NULL,0,'','',1,'',0),(2186,'','2017CP991','94375019','','','',NULL,NULL,NULL,NULL,NULL,NULL,NULL,NULL,NULL,0,'','',1,'',0),(2187,'','2017CP992','86655402','','','',NULL,NULL,NULL,NULL,NULL,NULL,NULL,NULL,NULL,0,'','',1,'',0),(2188,'','2017CP993','29363156','','','',NULL,NULL,NULL,NULL,NULL,NULL,NULL,NULL,NULL,0,'','',1,'',0),(2189,'','2017CP994','42256553','','','',NULL,NULL,NULL,NULL,NULL,NULL,NULL,NULL,NULL,0,'','',1,'',0),(2190,'','2017CP995','48957057','','','',NULL,NULL,NULL,NULL,NULL,NULL,NULL,NULL,NULL,0,'','',1,'',0),(2191,'','2017CP996','56583161','','','',NULL,NULL,NULL,NULL,NULL,NULL,NULL,NULL,NULL,0,'','',1,'',0),(2192,'','2017CP997','12921177','hari4setty@gmail.com','','',NULL,NULL,NULL,NULL,NULL,NULL,'jai','k',NULL,8977373824,'10','gandhi centenary high school',1,'',0),(2193,'','2017CP998','65504426','','','',NULL,NULL,NULL,NULL,NULL,NULL,NULL,NULL,NULL,0,'','',1,'',0),(2194,'','2017CP999','64847246','chaitanya@manathota.com','','',NULL,NULL,NULL,NULL,NULL,NULL,'chaitanya','koripella',NULL,9494949494,'btech','pitam',1,'',0),(2195,'','2017CP1000','73494455','jyothi2494@gmail.com','','',NULL,NULL,NULL,NULL,NULL,NULL,'jyothi','irothu',NULL,9059925805,'','',1,'',0),(2197,'',NULL,'12345678','','','',NULL,NULL,NULL,NULL,NULL,NULL,NULL,NULL,9160847999,0,'','',1,'',0),(2198,'',NULL,'anunandu','anuraghbandinti@gmail.com','','',NULL,NULL,NULL,NULL,NULL,NULL,'Anuragh','Bandinti',7207738438,9490202564,'B. Tech','Kits engg college',1,'',0),(2199,'',NULL,'08403254529r','venkatratnam90@gmail.com','','',NULL,NULL,NULL,NULL,NULL,NULL,'Venkat','Ratnam',7729071747,7729071747,'','',1,'',0),(2215,'','cpid2017','12345678','koripellachaitanya11@gmail.com','','',NULL,NULL,NULL,NULL,NULL,NULL,'chaitanya','koripella',9493745352,9494949494,'btech','pitam',1,'2017-02-25 23:55:28',0),(2216,'','mounika','msreddy@0306','mounikareddy.sonti@gmail.com','','',NULL,NULL,NULL,NULL,NULL,NULL,'Mounika','Sontireddy',7396775165,7396775165,'B.Tech','Vaagdevi engineering college',1,'2017-02-26 21:05:47',0),(2217,'','tj.kshitij','vizac2599','tj.kshitij@gmail.com','','',NULL,NULL,NULL,NULL,NULL,NULL,'Kshitij','Singh',9599094041,9871169258,'12th','NIOS',1,'2017-02-28 10:11:31',0),(2218,'','danish Hyder vp','mylovelyfamily','danishvp874@gmail.com','','',NULL,NULL,NULL,NULL,NULL,NULL,'Danish','Hyder',9895475654,9746419357,'12','School',1,'2017-03-13 20:21:18',0),(2220,'','','12345678','','','',NULL,NULL,NULL,NULL,NULL,NULL,NULL,NULL,9898989898,0,'','',1,'2017-03-17 14:49:22',0),(2221,'','','12345678','','','',NULL,NULL,NULL,NULL,NULL,NULL,NULL,NULL,7893920777,0,'','',1,'2017-03-17 20:14:11',0),(2222,'','','12345678','satya@chaithanyam.org','','',NULL,NULL,NULL,NULL,NULL,NULL,'Satya','Narayan',9490240582,7893920777,'9','Aditya',1,'2017-03-19 08:29:27',0),(2223,'','','sitadidibombay','','','',NULL,NULL,NULL,NULL,NULL,NULL,NULL,NULL,9930583064,0,'','',1,'2017-03-19 16:47:12',0),(2224,'','','8977373862','hari4setty@gmail.com','','',NULL,NULL,NULL,NULL,NULL,NULL,'hariprasad','vasamsetty',8977373862,8977373862,'mca','st mary\'s college.',1,'2017-03-20 14:38:51',0),(2225,'','','9426355667','parthpalrecha7777@gmail.com','','',NULL,NULL,NULL,NULL,NULL,NULL,'Parth','Palrecha',9426155668,9426322105,'10','SHARDAYATAN SCHOOL',1,'2017-03-21 07:20:15',0),(2226,'','Nirogi Koushik','fidm1496','nirogipvskoushik@gmail.com','','',NULL,NULL,NULL,NULL,NULL,NULL,'Nairobi P V  S','Koushik',9491976620,9491976620,'8th','Vidyanjali school',1,'2017-03-23 14:37:41',0),(2227,'','','9987384290','vivekvedant86@gmail.com','','',NULL,NULL,NULL,NULL,NULL,NULL,'vivek','vedant',7045017567,9987384290,'12','rr international college',1,'2017-03-27 18:17:52',0),(2228,'','','entrepreneur@17','abhinavthakur2011@gmail.com','','',NULL,NULL,NULL,NULL,NULL,NULL,'Abhinav','Rana',8410938111,9557828211,'Bba','Jims, Rohini ipu',1,'2017-03-28 19:13:08',0),(2229,'','','nandita3699','','','',NULL,NULL,NULL,NULL,NULL,NULL,'nitish','gupta',7051136642,7051136642,'12','mhcs',1,'2017-03-30 19:27:59',0),(2230,'','','kumudme593','','','',NULL,NULL,NULL,NULL,NULL,NULL,'Nishtha','Chhibbar',8126577554,8126577554,'10','Kv',1,'2017-04-03 14:59:01',0),(2231,'','','TeddyBear','','','',NULL,NULL,NULL,NULL,NULL,NULL,'Ritika','Rathore',9669436852,9165365379,'11','Canyon h.s school,Bhopal',1,'2017-04-06 18:25:43',0),(2232,'','','ranjana123','almeidaflavia@rediffmail.com','','',NULL,NULL,NULL,NULL,NULL,NULL,'Flavia','Almeida',9637552131,9637552131,'10','Holy cross high school',1,'2017-04-09 13:36:48',0),(2233,'','','ilovemyself','anushetti17@gmail.com','','',NULL,NULL,NULL,NULL,NULL,NULL,'Ananya','Shetti',9518542600,9922111139,'10','Holy cross convent high school kolhapur',1,'2017-04-15 16:51:43',0),(2234,'','','12345678','satya1@manathota.com','','',NULL,NULL,NULL,NULL,NULL,NULL,'asa','ASas',9594745352,9493745351,'da','sdas',1,'2017-04-20 12:21:08',0),(2235,'','','12345678','deshpander49@gmail.com','','',NULL,NULL,NULL,NULL,NULL,NULL,'R','D',9975497021,7057841927,'10','S.b. highschool',1,'2017-04-20 15:11:30',0),(2236,'','','1234567890','khillaremanasi11@vmail.com','','',NULL,NULL,NULL,NULL,NULL,NULL,'Manasi','Khillare',9890279137,9970094063,'11','Jog high school',1,'2017-04-25 19:42:25',0),(2237,'','','rinachaurasia','shatakshi2207chaurasia@gmail.com','','',NULL,NULL,NULL,NULL,NULL,NULL,'Shatakshi','Chaurasia',8777420650,7059403738,'10','Aditya Academy Secondary',1,'2017-04-27 17:28:04',0),(2238,'','','myeducation','','','',NULL,NULL,NULL,NULL,NULL,NULL,NULL,NULL,9706265564,0,'','',1,'2017-04-28 20:59:31',0),(2239,'','','Bismi@786','khadija.thankayathil@gmail.com','','',NULL,NULL,NULL,NULL,NULL,NULL,'Khadija','Thankayathil',8589905441,8589905441,'12','PTM VELLILA',1,'2017-05-08 16:19:32',0),(2240,'','Sai sravanthi','9494883922','saisravanthi509@gmail.com','','',NULL,NULL,NULL,NULL,NULL,NULL,'Sai','Sravanthi',9494883922,9494883922,'Btec','Chaitanya institute of science and technology',1,'2017-05-09 19:12:50',0),(2241,'','','Chitti87*','','','',NULL,NULL,NULL,NULL,NULL,NULL,NULL,NULL,7095418636,0,'','',1,'2017-05-18 17:10:29',0),(2242,'','','ohmygods','','','',NULL,NULL,NULL,NULL,NULL,NULL,'yash','patole',8983929192,9890311998,'X','st aloysius high school',1,'2017-05-22 12:16:03',0),(2243,'','123321','indiana @#21','','','',NULL,NULL,NULL,NULL,NULL,NULL,NULL,NULL,7780275799,0,'','',1,'2017-05-22 12:28:00',0),(2244,'','','Chandni13@','gchandni293@gmail.com','','',NULL,NULL,NULL,NULL,NULL,NULL,'Chandni','Gupta',7003861398,8100579025,'12+','Jewish girls school',1,'2017-05-28 16:34:56',0),(2245,'','','reetika24','','','',NULL,NULL,NULL,NULL,NULL,NULL,NULL,NULL,7831021974,0,'','',1,'2017-05-29 01:07:20',0),(2246,'','Shivamsharma123','shankhdharss','shivamshankhadar5585@gmail.com','','',NULL,NULL,NULL,NULL,NULL,NULL,'Shivam','Sharma',7906717813,7906717813,'B.sc','Mjp rohilkhand bareilly',1,'2017-06-08 08:41:40',0),(2247,'','','goodmorning','','','',NULL,NULL,NULL,NULL,NULL,NULL,NULL,NULL,9496842647,0,'','',1,'2017-06-11 11:49:31',0),(2248,'','','anand@777','sarang2001joshi@gmail.com','','',NULL,NULL,NULL,NULL,NULL,NULL,'Sarang','Joshi',9404042777,9765097111,'10','S.B.High School',1,'2017-06-16 20:03:57',0),(2249,'','','raghavi@11','satya@chaithanyam.org','','',NULL,NULL,NULL,NULL,NULL,NULL,'Satya','narayana',9490240572,7893920777,'9','Aditya',1,'2017-06-21 07:49:28',0),(2250,'','Prakash','PADMAJARR','','','',NULL,NULL,NULL,NULL,NULL,NULL,NULL,NULL,8885757078,0,'','',1,'2017-06-22 09:00:36',0),(2251,'','','8271151461','','','',NULL,NULL,NULL,NULL,NULL,NULL,'Vanshika','Pachisia',8271151461,8709631699,'12 commerce','Pvss dav public school',1,'2017-12-09 08:55:16',0),(2252,'','20110112579','Shamrezji@1','aqsa3915@gmail.com','','',NULL,NULL,NULL,NULL,NULL,NULL,'Sania','Ghazal',8377809703,9971025927,'12th','K. N. S. K. Vidhale new Delhi',1,'2017-12-10 18:08:09',0),(2253,'','','bollywood','taneeshaagrawal01@gmail.com','','',NULL,NULL,NULL,NULL,NULL,NULL,'Tanisha','Agrawal',8959449242,8959449242,'10','Golden international',1,'2017-12-15 20:05:51',0),(2254,'','','kohlirocx11','','','',NULL,NULL,NULL,NULL,NULL,NULL,'Pranali','Patil',7040780764,8408017396,'2nd year','Modern college',1,'2017-12-28 16:24:19',0),(2255,'','','Admin@wp22','ksathi2222@gmail.com','','',NULL,NULL,NULL,NULL,NULL,NULL,'Konda','Reddy',7032296495,9494914444,'Engineering 3rd Year','Aditya Engineering College',1,'2018-01-20 21:44:51',0),(2256,'','','12345678','satya@chaithanyam.org','','',NULL,NULL,NULL,NULL,NULL,NULL,'satya','narayana',6281457467,7893920777,'3','Aditya',1,'2018-02-04 15:04:06',0);
/*!40000 ALTER TABLE `users` ENABLE KEYS */;
UNLOCK TABLES;

--
-- Table structure for table `users_groups`
--

DROP TABLE IF EXISTS `users_groups`;
/*!40101 SET @saved_cs_client     = @@character_set_client */;
/*!40101 SET character_set_client = utf8 */;
CREATE TABLE `users_groups` (
  `id` int(11) unsigned NOT NULL AUTO_INCREMENT,
  `user_id` int(11) unsigned NOT NULL,
  `group_id` mediumint(8) unsigned NOT NULL,
  PRIMARY KEY (`id`),
  UNIQUE KEY `uc_users_groups` (`user_id`,`group_id`),
  KEY `fk_users_groups_users1_idx` (`user_id`),
  KEY `fk_users_groups_groups1_idx` (`group_id`),
  CONSTRAINT `fk_users_groups_groups1` FOREIGN KEY (`group_id`) REFERENCES `groups` (`id`) ON DELETE CASCADE ON UPDATE NO ACTION,
  CONSTRAINT `fk_users_groups_users1` FOREIGN KEY (`user_id`) REFERENCES `users` (`id`) ON DELETE CASCADE ON UPDATE NO ACTION
) ENGINE=InnoDB AUTO_INCREMENT=2 DEFAULT CHARSET=utf8;
/*!40101 SET character_set_client = @saved_cs_client */;

--
-- Dumping data for table `users_groups`
--

LOCK TABLES `users_groups` WRITE;
/*!40000 ALTER TABLE `users_groups` DISABLE KEYS */;
INSERT INTO `users_groups` (`id`, `user_id`, `group_id`) VALUES (1,1,1);
/*!40000 ALTER TABLE `users_groups` ENABLE KEYS */;
UNLOCK TABLES;

--
-- Dumping events for database 'aamitfr6_careerprism'
--

--
-- Dumping routines for database 'aamitfr6_careerprism'
--
/*!40103 SET TIME_ZONE=@OLD_TIME_ZONE */;

/*!40101 SET SQL_MODE=@OLD_SQL_MODE */;
/*!40014 SET FOREIGN_KEY_CHECKS=@OLD_FOREIGN_KEY_CHECKS */;
/*!40014 SET UNIQUE_CHECKS=@OLD_UNIQUE_CHECKS */;
/*!40101 SET CHARACTER_SET_CLIENT=@OLD_CHARACTER_SET_CLIENT */;
/*!40101 SET CHARACTER_SET_RESULTS=@OLD_CHARACTER_SET_RESULTS */;
/*!40101 SET COLLATION_CONNECTION=@OLD_COLLATION_CONNECTION */;
/*!40111 SET SQL_NOTES=@OLD_SQL_NOTES */;

-- Dump completed on 2018-02-16  7:01:38
